-- phpMyAdmin SQL Dump
-- version 5.2.1
-- https://www.phpmyadmin.net/
--
-- Host: 127.0.0.1
-- Generation Time: Jan 04, 2026 at 01:18 PM
-- Server version: 10.4.32-MariaDB
-- PHP Version: 8.2.12

SET SQL_MODE = "NO_AUTO_VALUE_ON_ZERO";
START TRANSACTION;
SET time_zone = "+00:00";


/*!40101 SET @OLD_CHARACTER_SET_CLIENT=@@CHARACTER_SET_CLIENT */;
/*!40101 SET @OLD_CHARACTER_SET_RESULTS=@@CHARACTER_SET_RESULTS */;
/*!40101 SET @OLD_COLLATION_CONNECTION=@@COLLATION_CONNECTION */;
/*!40101 SET NAMES utf8mb4 */;

--
-- Database: `db_dashboard_guru`
--

-- --------------------------------------------------------

--
-- Table structure for table `daftar_nilai`
--

CREATE TABLE `daftar_nilai` (
  `id_siswa` int(11) NOT NULL,
  `id` int(11) NOT NULL,
  `mata_pelajaran` varchar(255) NOT NULL,
  `nilai_harian` float(4,1) NOT NULL,
  `nilai_uh` float(4,1) NOT NULL,
  `nilai_uts` float(4,1) NOT NULL,
  `nilai_uas` float(4,1) NOT NULL,
  `nilai_akhir` float(4,1) NOT NULL
) ENGINE=InnoDB DEFAULT CHARSET=utf8mb4 COLLATE=utf8mb4_general_ci;

--
-- Dumping data for table `daftar_nilai`
--

INSERT INTO `daftar_nilai` (`id_siswa`, `id`, `mata_pelajaran`, `nilai_harian`, `nilai_uh`, `nilai_uts`, `nilai_uas`, `nilai_akhir`) VALUES
(1, 1, 'Matematika', 85.0, 72.0, 70.0, 82.0, 77.2),
(1, 2, 'Bahasa Indonesia', 83.0, 79.0, 74.0, 84.0, 80.0),
(1, 3, 'Bahasa Inggris', 80.0, 93.0, 70.0, 88.0, 82.8),
(1, 4, 'Pendidikan Agama', 87.0, 78.0, 89.0, 73.0, 81.8),
(1, 5, 'PKN', 83.0, 83.0, 72.0, 70.0, 77.0),
(1, 6, 'Produktif Kejuruan', 71.0, 88.0, 93.0, 87.0, 84.8),
(1, 7, 'Olahraga', 77.0, 88.0, 81.0, 90.0, 84.0),
(1, 8, 'Seni Budaya', 73.0, 88.0, 76.0, 89.0, 81.5),
(1, 9, 'Sejarah', 91.0, 94.0, 81.0, 91.0, 89.2),
(2, 10, 'Matematika', 85.0, 91.0, 73.0, 80.0, 82.2),
(2, 11, 'Bahasa Indonesia', 93.0, 77.0, 73.0, 83.0, 81.5),
(2, 12, 'Bahasa Inggris', 73.0, 79.0, 79.0, 90.0, 80.2),
(2, 13, 'Pendidikan Agama', 73.0, 70.0, 76.0, 75.0, 73.5),
(2, 14, 'PKN', 87.0, 84.0, 76.0, 78.0, 81.2),
(2, 15, 'Produktif Kejuruan', 83.0, 72.0, 94.0, 73.0, 80.5),
(2, 16, 'Olahraga', 83.0, 77.0, 70.0, 79.0, 77.2),
(2, 17, 'Seni Budaya', 81.0, 90.0, 92.0, 93.0, 89.0),
(2, 18, 'Sejarah', 93.0, 94.0, 74.0, 84.0, 86.2),
(3, 19, 'Matematika', 77.0, 90.0, 92.0, 95.0, 88.5),
(3, 20, 'Bahasa Indonesia', 75.0, 71.0, 92.0, 92.0, 82.5),
(3, 21, 'Bahasa Inggris', 95.0, 87.0, 93.0, 92.0, 91.8),
(3, 22, 'Pendidikan Agama', 88.0, 89.0, 84.0, 85.0, 86.5),
(3, 23, 'PKN', 94.0, 70.0, 92.0, 73.0, 82.2),
(3, 24, 'Produktif Kejuruan', 79.0, 79.0, 84.0, 91.0, 83.2),
(3, 25, 'Olahraga', 84.0, 77.0, 95.0, 94.0, 87.5),
(3, 26, 'Seni Budaya', 74.0, 91.0, 93.0, 84.0, 85.5),
(3, 27, 'Sejarah', 77.0, 79.0, 74.0, 84.0, 78.5),
(4, 28, 'Matematika', 89.0, 89.0, 87.0, 77.0, 85.5),
(4, 29, 'Bahasa Indonesia', 73.0, 82.0, 91.0, 73.0, 79.8),
(4, 30, 'Bahasa Inggris', 87.0, 92.0, 77.0, 95.0, 87.8),
(4, 31, 'Pendidikan Agama', 77.0, 90.0, 74.0, 90.0, 82.8),
(4, 32, 'PKN', 83.0, 93.0, 77.0, 87.0, 85.0),
(4, 33, 'Produktif Kejuruan', 93.0, 70.0, 94.0, 83.0, 85.0),
(4, 34, 'Olahraga', 77.0, 79.0, 74.0, 95.0, 81.2),
(4, 35, 'Seni Budaya', 95.0, 85.0, 87.0, 95.0, 90.5),
(4, 36, 'Sejarah', 75.0, 71.0, 74.0, 79.0, 74.8),
(5, 37, 'Matematika', 83.0, 72.0, 91.0, 75.0, 80.2),
(5, 38, 'Bahasa Indonesia', 92.0, 80.0, 83.0, 70.0, 81.2),
(5, 39, 'Bahasa Inggris', 87.0, 91.0, 94.0, 82.0, 88.5),
(5, 40, 'Pendidikan Agama', 93.0, 70.0, 86.0, 86.0, 83.8),
(5, 41, 'PKN', 74.0, 77.0, 76.0, 86.0, 78.2),
(5, 42, 'Produktif Kejuruan', 88.0, 89.0, 84.0, 75.0, 84.0),
(5, 43, 'Olahraga', 84.0, 93.0, 90.0, 73.0, 85.0),
(5, 44, 'Seni Budaya', 79.0, 88.0, 80.0, 70.0, 79.2),
(5, 45, 'Sejarah', 75.0, 82.0, 92.0, 82.0, 82.8),
(6, 46, 'Matematika', 94.0, 73.0, 74.0, 94.0, 83.8),
(6, 47, 'Bahasa Indonesia', 77.0, 84.0, 86.0, 73.0, 80.0),
(6, 48, 'Bahasa Inggris', 79.0, 93.0, 72.0, 71.0, 78.8),
(6, 49, 'Pendidikan Agama', 83.0, 83.0, 88.0, 76.0, 82.5),
(6, 50, 'PKN', 80.0, 86.0, 90.0, 72.0, 82.0),
(6, 51, 'Produktif Kejuruan', 76.0, 90.0, 86.0, 90.0, 85.5),
(6, 52, 'Olahraga', 86.0, 77.0, 78.0, 95.0, 84.0),
(6, 53, 'Seni Budaya', 77.0, 72.0, 86.0, 94.0, 82.2),
(6, 54, 'Sejarah', 86.0, 71.0, 80.0, 84.0, 80.2),
(7, 55, 'Matematika', 77.0, 95.0, 82.0, 75.0, 82.2),
(7, 56, 'Bahasa Indonesia', 83.0, 76.0, 71.0, 94.0, 81.0),
(7, 57, 'Bahasa Inggris', 81.0, 89.0, 74.0, 75.0, 79.8),
(7, 58, 'Pendidikan Agama', 71.0, 85.0, 93.0, 70.0, 79.8),
(7, 59, 'PKN', 95.0, 95.0, 77.0, 75.0, 85.5),
(7, 60, 'Produktif Kejuruan', 92.0, 87.0, 72.0, 90.0, 85.2),
(7, 61, 'Olahraga', 71.0, 70.0, 74.0, 73.0, 72.0),
(7, 62, 'Seni Budaya', 77.0, 83.0, 89.0, 84.0, 83.2),
(7, 63, 'Sejarah', 90.0, 78.0, 91.0, 73.0, 83.0),
(8, 64, 'Matematika', 91.0, 80.0, 87.0, 76.0, 83.5),
(8, 65, 'Bahasa Indonesia', 83.0, 88.0, 95.0, 79.0, 86.2),
(8, 66, 'Bahasa Inggris', 83.0, 70.0, 78.0, 72.0, 75.8),
(8, 67, 'Pendidikan Agama', 71.0, 80.0, 95.0, 83.0, 82.2),
(8, 68, 'PKN', 71.0, 72.0, 78.0, 87.0, 77.0),
(8, 69, 'Produktif Kejuruan', 86.0, 79.0, 93.0, 94.0, 88.0),
(8, 70, 'Olahraga', 91.0, 74.0, 82.0, 92.0, 84.8),
(8, 71, 'Seni Budaya', 80.0, 77.0, 91.0, 91.0, 84.8),
(8, 72, 'Sejarah', 92.0, 81.0, 78.0, 90.0, 85.2),
(9, 73, 'Matematika', 75.0, 79.0, 91.0, 76.0, 80.2),
(9, 74, 'Bahasa Indonesia', 74.0, 70.0, 92.0, 76.0, 78.0),
(9, 75, 'Bahasa Inggris', 90.0, 80.0, 74.0, 93.0, 84.2),
(9, 76, 'Pendidikan Agama', 73.0, 95.0, 86.0, 94.0, 87.0),
(9, 77, 'PKN', 83.0, 72.0, 71.0, 95.0, 80.2),
(9, 78, 'Produktif Kejuruan', 81.0, 89.0, 77.0, 85.0, 83.0),
(9, 79, 'Olahraga', 82.0, 76.0, 76.0, 76.0, 77.5),
(9, 80, 'Seni Budaya', 78.0, 73.0, 74.0, 79.0, 76.0),
(9, 81, 'Sejarah', 77.0, 95.0, 95.0, 85.0, 88.0),
(10, 82, 'Matematika', 75.0, 75.0, 75.0, 80.0, 76.2),
(10, 83, 'Bahasa Indonesia', 71.0, 88.0, 95.0, 85.0, 84.8),
(10, 84, 'Bahasa Inggris', 81.0, 94.0, 71.0, 76.0, 80.5),
(10, 85, 'Pendidikan Agama', 89.0, 93.0, 87.0, 94.0, 90.8),
(10, 86, 'PKN', 92.0, 89.0, 87.0, 85.0, 88.2),
(10, 87, 'Produktif Kejuruan', 86.0, 92.0, 71.0, 72.0, 80.2),
(10, 88, 'Olahraga', 82.0, 89.0, 73.0, 77.0, 80.2),
(10, 89, 'Seni Budaya', 71.0, 94.0, 74.0, 74.0, 78.2),
(10, 90, 'Sejarah', 91.0, 79.0, 75.0, 76.0, 80.2),
(11, 91, 'Matematika', 90.0, 74.0, 87.0, 71.0, 80.5),
(11, 92, 'Bahasa Indonesia', 88.0, 86.0, 86.0, 95.0, 88.8),
(11, 93, 'Bahasa Inggris', 76.0, 77.0, 90.0, 88.0, 82.8),
(11, 94, 'Pendidikan Agama', 70.0, 83.0, 89.0, 89.0, 82.8),
(11, 95, 'PKN', 73.0, 89.0, 86.0, 83.0, 82.8),
(11, 96, 'Produktif Kejuruan', 71.0, 85.0, 77.0, 94.0, 81.8),
(11, 97, 'Olahraga', 74.0, 74.0, 81.0, 87.0, 79.0),
(11, 98, 'Seni Budaya', 93.0, 83.0, 80.0, 83.0, 84.8),
(11, 99, 'Sejarah', 81.0, 87.0, 83.0, 79.0, 82.5),
(12, 100, 'Matematika', 80.0, 93.0, 83.0, 86.0, 85.5),
(12, 101, 'Bahasa Indonesia', 88.0, 78.0, 89.0, 74.0, 82.2),
(12, 102, 'Bahasa Inggris', 90.0, 95.0, 91.0, 94.0, 92.5),
(12, 103, 'Pendidikan Agama', 93.0, 84.0, 76.0, 94.0, 86.8),
(12, 104, 'PKN', 81.0, 92.0, 88.0, 85.0, 86.5),
(12, 105, 'Produktif Kejuruan', 78.0, 93.0, 74.0, 88.0, 83.2),
(12, 106, 'Olahraga', 93.0, 86.0, 82.0, 75.0, 84.0),
(12, 107, 'Seni Budaya', 91.0, 83.0, 82.0, 70.0, 81.5),
(12, 108, 'Sejarah', 84.0, 78.0, 92.0, 77.0, 82.8),
(13, 109, 'Matematika', 83.0, 83.0, 93.0, 70.0, 82.2),
(13, 110, 'Bahasa Indonesia', 87.0, 75.0, 90.0, 85.0, 84.2),
(13, 111, 'Bahasa Inggris', 80.0, 89.0, 72.0, 81.0, 80.5),
(13, 112, 'Pendidikan Agama', 89.0, 86.0, 94.0, 78.0, 86.8),
(13, 113, 'PKN', 71.0, 72.0, 92.0, 74.0, 77.2),
(13, 114, 'Produktif Kejuruan', 86.0, 88.0, 71.0, 88.0, 83.2),
(13, 115, 'Olahraga', 84.0, 90.0, 84.0, 73.0, 82.8),
(13, 116, 'Seni Budaya', 83.0, 82.0, 77.0, 84.0, 81.5),
(13, 117, 'Sejarah', 89.0, 79.0, 72.0, 82.0, 80.5),
(14, 118, 'Matematika', 89.0, 92.0, 90.0, 76.0, 86.8),
(14, 119, 'Bahasa Indonesia', 87.0, 83.0, 70.0, 81.0, 80.2),
(14, 120, 'Bahasa Inggris', 80.0, 70.0, 85.0, 75.0, 77.5),
(14, 121, 'Pendidikan Agama', 91.0, 91.0, 91.0, 74.0, 86.8),
(14, 122, 'PKN', 86.0, 75.0, 85.0, 76.0, 80.5),
(14, 123, 'Produktif Kejuruan', 85.0, 77.0, 73.0, 78.0, 78.2),
(14, 124, 'Olahraga', 86.0, 84.0, 76.0, 94.0, 85.0),
(14, 125, 'Seni Budaya', 82.0, 87.0, 87.0, 80.0, 84.0),
(14, 126, 'Sejarah', 89.0, 76.0, 70.0, 75.0, 77.5),
(15, 127, 'Matematika', 80.0, 94.0, 88.0, 78.0, 85.0),
(15, 128, 'Bahasa Indonesia', 80.0, 95.0, 87.0, 88.0, 87.5),
(15, 129, 'Bahasa Inggris', 75.0, 71.0, 80.0, 90.0, 79.0),
(15, 130, 'Pendidikan Agama', 88.0, 79.0, 79.0, 85.0, 82.8),
(15, 131, 'PKN', 84.0, 75.0, 73.0, 84.0, 79.0),
(15, 132, 'Produktif Kejuruan', 85.0, 86.0, 80.0, 72.0, 80.8),
(15, 133, 'Olahraga', 77.0, 77.0, 87.0, 85.0, 81.5),
(15, 134, 'Seni Budaya', 81.0, 79.0, 75.0, 72.0, 76.8),
(15, 135, 'Sejarah', 71.0, 86.0, 76.0, 87.0, 80.0),
(16, 136, 'Matematika', 86.0, 80.0, 92.0, 83.0, 85.2),
(16, 137, 'Bahasa Indonesia', 79.0, 82.0, 73.0, 71.0, 76.2),
(16, 138, 'Bahasa Inggris', 80.0, 72.0, 91.0, 72.0, 78.8),
(16, 139, 'Pendidikan Agama', 76.0, 73.0, 79.0, 81.0, 77.2),
(16, 140, 'PKN', 75.0, 73.0, 87.0, 94.0, 82.2),
(16, 141, 'Produktif Kejuruan', 73.0, 93.0, 91.0, 71.0, 82.0),
(16, 142, 'Olahraga', 81.0, 82.0, 94.0, 81.0, 84.5),
(16, 143, 'Seni Budaya', 72.0, 90.0, 70.0, 71.0, 75.8),
(16, 144, 'Sejarah', 80.0, 76.0, 78.0, 73.0, 76.8),
(17, 145, 'Matematika', 74.0, 78.0, 82.0, 83.0, 79.2),
(17, 146, 'Bahasa Indonesia', 80.0, 84.0, 94.0, 74.0, 83.0),
(17, 147, 'Bahasa Inggris', 72.0, 72.0, 80.0, 94.0, 79.5),
(17, 148, 'Pendidikan Agama', 72.0, 94.0, 85.0, 93.0, 86.0),
(17, 149, 'PKN', 86.0, 73.0, 79.0, 84.0, 80.5),
(17, 150, 'Produktif Kejuruan', 79.0, 76.0, 73.0, 73.0, 75.2),
(17, 151, 'Olahraga', 84.0, 89.0, 84.0, 71.0, 82.0),
(17, 152, 'Seni Budaya', 70.0, 94.0, 74.0, 78.0, 79.0),
(17, 153, 'Sejarah', 87.0, 86.0, 91.0, 80.0, 86.0),
(18, 154, 'Matematika', 72.0, 83.0, 78.0, 94.0, 81.8),
(18, 155, 'Bahasa Indonesia', 70.0, 76.0, 94.0, 81.0, 80.2),
(18, 156, 'Bahasa Inggris', 80.0, 91.0, 91.0, 94.0, 89.0),
(18, 157, 'Pendidikan Agama', 70.0, 91.0, 83.0, 85.0, 82.2),
(18, 158, 'PKN', 78.0, 73.0, 74.0, 95.0, 80.0),
(18, 159, 'Produktif Kejuruan', 79.0, 86.0, 82.0, 78.0, 81.2),
(18, 160, 'Olahraga', 71.0, 75.0, 94.0, 77.0, 79.2),
(18, 161, 'Seni Budaya', 94.0, 70.0, 81.0, 95.0, 85.0),
(18, 162, 'Sejarah', 94.0, 91.0, 71.0, 84.0, 85.0),
(19, 163, 'Matematika', 85.0, 79.0, 80.0, 86.0, 82.5),
(19, 164, 'Bahasa Indonesia', 77.0, 79.0, 83.0, 78.0, 79.2),
(19, 165, 'Bahasa Inggris', 81.0, 95.0, 95.0, 85.0, 89.0),
(19, 166, 'Pendidikan Agama', 80.0, 77.0, 95.0, 84.0, 84.0),
(19, 167, 'PKN', 72.0, 90.0, 78.0, 79.0, 79.8),
(19, 168, 'Produktif Kejuruan', 83.0, 94.0, 89.0, 83.0, 87.2),
(19, 169, 'Olahraga', 91.0, 71.0, 94.0, 79.0, 83.8),
(19, 170, 'Seni Budaya', 87.0, 95.0, 94.0, 85.0, 90.2),
(19, 171, 'Sejarah', 76.0, 88.0, 73.0, 72.0, 77.2),
(20, 172, 'Matematika', 72.0, 91.0, 74.0, 77.0, 78.5),
(20, 173, 'Bahasa Indonesia', 70.0, 84.0, 90.0, 88.0, 83.0),
(20, 174, 'Bahasa Inggris', 73.0, 95.0, 95.0, 92.0, 88.8),
(20, 175, 'Pendidikan Agama', 75.0, 85.0, 94.0, 83.0, 84.2),
(20, 176, 'PKN', 92.0, 75.0, 95.0, 86.0, 87.0),
(20, 177, 'Produktif Kejuruan', 75.0, 73.0, 83.0, 75.0, 76.5),
(20, 178, 'Olahraga', 72.0, 75.0, 80.0, 84.0, 77.8),
(20, 179, 'Seni Budaya', 71.0, 94.0, 87.0, 86.0, 84.5),
(20, 180, 'Sejarah', 71.0, 75.0, 83.0, 77.0, 76.5),
(21, 181, 'Matematika', 94.0, 95.0, 73.0, 75.0, 84.2),
(21, 182, 'Bahasa Indonesia', 81.0, 95.0, 70.0, 84.0, 82.5),
(21, 183, 'Bahasa Inggris', 77.0, 81.0, 73.0, 86.0, 79.2),
(21, 184, 'Pendidikan Agama', 81.0, 78.0, 83.0, 89.0, 82.8),
(21, 185, 'PKN', 81.0, 89.0, 74.0, 79.0, 80.8),
(21, 186, 'Produktif Kejuruan', 89.0, 74.0, 93.0, 79.0, 83.8),
(21, 187, 'Olahraga', 85.0, 76.0, 85.0, 70.0, 79.0),
(21, 188, 'Seni Budaya', 77.0, 89.0, 89.0, 73.0, 82.0),
(21, 189, 'Sejarah', 82.0, 71.0, 93.0, 90.0, 84.0),
(22, 190, 'Matematika', 72.0, 70.0, 73.0, 76.0, 72.8),
(22, 191, 'Bahasa Indonesia', 72.0, 76.0, 85.0, 94.0, 81.8),
(22, 192, 'Bahasa Inggris', 73.0, 74.0, 71.0, 74.0, 73.0),
(22, 193, 'Pendidikan Agama', 92.0, 82.0, 90.0, 77.0, 85.2),
(22, 194, 'PKN', 77.0, 94.0, 86.0, 78.0, 83.8),
(22, 195, 'Produktif Kejuruan', 82.0, 90.0, 81.0, 85.0, 84.5),
(22, 196, 'Olahraga', 86.0, 81.0, 90.0, 77.0, 83.5),
(22, 197, 'Seni Budaya', 75.0, 85.0, 81.0, 83.0, 81.0),
(22, 198, 'Sejarah', 89.0, 74.0, 91.0, 84.0, 84.5),
(23, 199, 'Matematika', 93.0, 90.0, 74.0, 77.0, 83.5),
(23, 200, 'Bahasa Indonesia', 91.0, 89.0, 74.0, 83.0, 84.2),
(23, 201, 'Bahasa Inggris', 84.0, 84.0, 75.0, 84.0, 81.8),
(23, 202, 'Pendidikan Agama', 88.0, 90.0, 70.0, 94.0, 85.5),
(23, 203, 'PKN', 92.0, 75.0, 83.0, 89.0, 84.8),
(23, 204, 'Produktif Kejuruan', 89.0, 80.0, 87.0, 82.0, 84.5),
(23, 205, 'Olahraga', 83.0, 75.0, 71.0, 89.0, 79.5),
(23, 206, 'Seni Budaya', 77.0, 81.0, 77.0, 90.0, 81.2),
(23, 207, 'Sejarah', 79.0, 81.0, 88.0, 72.0, 80.0),
(24, 208, 'Matematika', 70.0, 90.0, 86.0, 84.0, 82.5),
(24, 209, 'Bahasa Indonesia', 89.0, 92.0, 84.0, 70.0, 83.8),
(24, 210, 'Bahasa Inggris', 80.0, 85.0, 74.0, 71.0, 77.5),
(24, 211, 'Pendidikan Agama', 82.0, 71.0, 91.0, 80.0, 81.0),
(24, 212, 'PKN', 85.0, 89.0, 82.0, 79.0, 83.8),
(24, 213, 'Produktif Kejuruan', 91.0, 74.0, 87.0, 86.0, 84.5),
(24, 214, 'Olahraga', 82.0, 81.0, 79.0, 85.0, 81.8),
(24, 215, 'Seni Budaya', 83.0, 94.0, 76.0, 70.0, 80.8),
(24, 216, 'Sejarah', 73.0, 86.0, 82.0, 86.0, 81.8),
(25, 217, 'Matematika', 80.0, 89.0, 78.0, 72.0, 79.8),
(25, 218, 'Bahasa Indonesia', 70.0, 78.0, 80.0, 79.0, 76.8),
(25, 219, 'Bahasa Inggris', 92.0, 73.0, 71.0, 78.0, 78.5),
(25, 220, 'Pendidikan Agama', 80.0, 83.0, 85.0, 94.0, 85.5),
(25, 221, 'PKN', 70.0, 86.0, 82.0, 77.0, 78.8),
(25, 222, 'Produktif Kejuruan', 89.0, 79.0, 90.0, 92.0, 87.5),
(25, 223, 'Olahraga', 90.0, 83.0, 87.0, 81.0, 85.2),
(25, 224, 'Seni Budaya', 93.0, 77.0, 83.0, 76.0, 82.2),
(25, 225, 'Sejarah', 78.0, 89.0, 87.0, 87.0, 85.2),
(26, 226, 'Matematika', 90.0, 87.0, 90.0, 81.0, 87.0),
(26, 227, 'Bahasa Indonesia', 70.0, 85.0, 84.0, 80.0, 79.8),
(26, 228, 'Bahasa Inggris', 86.0, 72.0, 73.0, 94.0, 81.2),
(26, 229, 'Pendidikan Agama', 91.0, 72.0, 95.0, 76.0, 83.5),
(26, 230, 'PKN', 92.0, 77.0, 94.0, 88.0, 87.8),
(26, 231, 'Produktif Kejuruan', 71.0, 79.0, 84.0, 94.0, 82.0),
(26, 232, 'Olahraga', 73.0, 90.0, 87.0, 85.0, 83.8),
(26, 233, 'Seni Budaya', 71.0, 93.0, 91.0, 84.0, 84.8),
(26, 234, 'Sejarah', 72.0, 70.0, 70.0, 90.0, 75.5),
(27, 235, 'Matematika', 92.0, 80.0, 92.0, 74.0, 84.5),
(27, 236, 'Bahasa Indonesia', 95.0, 94.0, 85.0, 81.0, 88.8),
(27, 237, 'Bahasa Inggris', 73.0, 77.0, 92.0, 92.0, 83.5),
(27, 238, 'Pendidikan Agama', 95.0, 89.0, 74.0, 90.0, 87.0),
(27, 239, 'PKN', 92.0, 79.0, 83.0, 79.0, 83.2),
(27, 240, 'Produktif Kejuruan', 80.0, 92.0, 73.0, 95.0, 85.0),
(27, 241, 'Olahraga', 88.0, 82.0, 94.0, 74.0, 84.5),
(27, 242, 'Seni Budaya', 93.0, 88.0, 80.0, 81.0, 85.5),
(27, 243, 'Sejarah', 77.0, 84.0, 83.0, 84.0, 82.0),
(28, 244, 'Matematika', 91.0, 86.0, 84.0, 78.0, 84.8),
(28, 245, 'Bahasa Indonesia', 74.0, 89.0, 92.0, 83.0, 84.5),
(28, 246, 'Bahasa Inggris', 80.0, 75.0, 91.0, 93.0, 84.8),
(28, 247, 'Pendidikan Agama', 71.0, 88.0, 71.0, 80.0, 77.5),
(28, 248, 'PKN', 91.0, 75.0, 79.0, 92.0, 84.2),
(28, 249, 'Produktif Kejuruan', 89.0, 91.0, 79.0, 71.0, 82.5),
(28, 250, 'Olahraga', 78.0, 85.0, 91.0, 92.0, 86.5),
(28, 251, 'Seni Budaya', 89.0, 90.0, 95.0, 78.0, 88.0),
(28, 252, 'Sejarah', 88.0, 84.0, 79.0, 75.0, 81.5),
(29, 253, 'Matematika', 88.0, 94.0, 77.0, 83.0, 85.5),
(29, 254, 'Bahasa Indonesia', 86.0, 76.0, 91.0, 76.0, 82.2),
(29, 255, 'Bahasa Inggris', 92.0, 72.0, 92.0, 73.0, 82.2),
(29, 256, 'Pendidikan Agama', 70.0, 71.0, 90.0, 90.0, 80.2),
(29, 257, 'PKN', 92.0, 76.0, 75.0, 82.0, 81.2),
(29, 258, 'Produktif Kejuruan', 74.0, 82.0, 80.0, 73.0, 77.2),
(29, 259, 'Olahraga', 91.0, 77.0, 78.0, 85.0, 82.8),
(29, 260, 'Seni Budaya', 95.0, 95.0, 76.0, 81.0, 86.8),
(29, 261, 'Sejarah', 74.0, 72.0, 90.0, 74.0, 77.5),
(30, 262, 'Matematika', 81.0, 80.0, 82.0, 78.0, 80.2),
(30, 263, 'Bahasa Indonesia', 79.0, 93.0, 92.0, 72.0, 84.0),
(30, 264, 'Bahasa Inggris', 73.0, 70.0, 95.0, 77.0, 78.8),
(30, 265, 'Pendidikan Agama', 72.0, 87.0, 78.0, 75.0, 78.0),
(30, 266, 'PKN', 75.0, 85.0, 73.0, 79.0, 78.0),
(30, 267, 'Produktif Kejuruan', 80.0, 94.0, 70.0, 84.0, 82.0),
(30, 268, 'Olahraga', 93.0, 80.0, 73.0, 89.0, 83.8),
(30, 269, 'Seni Budaya', 78.0, 83.0, 87.0, 70.0, 79.5),
(30, 270, 'Sejarah', 80.0, 82.0, 87.0, 79.0, 82.0),
(31, 271, 'Matematika', 80.0, 80.0, 71.0, 91.0, 80.5),
(31, 272, 'Bahasa Indonesia', 87.0, 86.0, 92.0, 86.0, 87.8),
(31, 273, 'Bahasa Inggris', 90.0, 88.0, 93.0, 89.0, 90.0),
(31, 274, 'Pendidikan Agama', 79.0, 80.0, 73.0, 79.0, 77.8),
(31, 275, 'PKN', 83.0, 70.0, 83.0, 86.0, 80.5),
(31, 276, 'Produktif Kejuruan', 73.0, 79.0, 73.0, 91.0, 79.0),
(31, 277, 'Olahraga', 89.0, 95.0, 82.0, 85.0, 87.8),
(31, 278, 'Seni Budaya', 80.0, 85.0, 88.0, 70.0, 80.8),
(31, 279, 'Sejarah', 91.0, 75.0, 92.0, 91.0, 87.2),
(32, 280, 'Matematika', 85.0, 82.0, 71.0, 88.0, 81.5),
(32, 281, 'Bahasa Indonesia', 91.0, 75.0, 93.0, 80.0, 84.8),
(32, 282, 'Bahasa Inggris', 83.0, 84.0, 70.0, 94.0, 82.8),
(32, 283, 'Pendidikan Agama', 72.0, 92.0, 82.0, 72.0, 79.5),
(32, 284, 'PKN', 84.0, 74.0, 93.0, 88.0, 84.8),
(32, 285, 'Produktif Kejuruan', 93.0, 87.0, 89.0, 73.0, 85.5),
(32, 286, 'Olahraga', 76.0, 73.0, 76.0, 92.0, 79.2),
(32, 287, 'Seni Budaya', 74.0, 87.0, 88.0, 75.0, 81.0),
(32, 288, 'Sejarah', 70.0, 91.0, 82.0, 80.0, 80.8),
(33, 289, 'Matematika', 79.0, 95.0, 74.0, 93.0, 85.2),
(33, 290, 'Bahasa Indonesia', 94.0, 79.0, 91.0, 70.0, 83.5),
(33, 291, 'Bahasa Inggris', 82.0, 81.0, 78.0, 74.0, 78.8),
(33, 292, 'Pendidikan Agama', 82.0, 95.0, 83.0, 82.0, 85.5),
(33, 293, 'PKN', 85.0, 94.0, 92.0, 95.0, 91.5),
(33, 294, 'Produktif Kejuruan', 90.0, 73.0, 79.0, 83.0, 81.2),
(33, 295, 'Olahraga', 74.0, 93.0, 74.0, 73.0, 78.5),
(33, 296, 'Seni Budaya', 93.0, 88.0, 83.0, 87.0, 87.8),
(33, 297, 'Sejarah', 90.0, 72.0, 75.0, 90.0, 81.8),
(34, 298, 'Matematika', 85.0, 92.0, 82.0, 80.0, 84.8),
(34, 299, 'Bahasa Indonesia', 88.0, 84.0, 94.0, 72.0, 84.5),
(34, 300, 'Bahasa Inggris', 77.0, 88.0, 84.0, 87.0, 84.0),
(34, 301, 'Pendidikan Agama', 91.0, 72.0, 95.0, 87.0, 86.2),
(34, 302, 'PKN', 84.0, 78.0, 72.0, 78.0, 78.0),
(34, 303, 'Produktif Kejuruan', 95.0, 83.0, 82.0, 84.0, 86.0),
(34, 304, 'Olahraga', 94.0, 81.0, 70.0, 89.0, 83.5),
(34, 305, 'Seni Budaya', 80.0, 87.0, 82.0, 82.0, 82.8),
(34, 306, 'Sejarah', 92.0, 77.0, 70.0, 71.0, 77.5),
(35, 307, 'Matematika', 78.0, 72.0, 87.0, 93.0, 82.5),
(35, 308, 'Bahasa Indonesia', 89.0, 77.0, 84.0, 79.0, 82.2),
(35, 309, 'Bahasa Inggris', 93.0, 74.0, 85.0, 72.0, 81.0),
(35, 310, 'Pendidikan Agama', 88.0, 79.0, 75.0, 78.0, 80.0),
(35, 311, 'PKN', 90.0, 77.0, 79.0, 70.0, 79.0),
(35, 312, 'Produktif Kejuruan', 76.0, 85.0, 92.0, 82.0, 83.8),
(35, 313, 'Olahraga', 91.0, 94.0, 83.0, 74.0, 85.5),
(35, 314, 'Seni Budaya', 71.0, 88.0, 92.0, 79.0, 82.5),
(35, 315, 'Sejarah', 80.0, 94.0, 76.0, 77.0, 81.8),
(36, 316, 'Matematika', 79.0, 94.0, 76.0, 94.0, 85.8),
(36, 317, 'Bahasa Indonesia', 75.0, 78.0, 82.0, 74.0, 77.2),
(36, 318, 'Bahasa Inggris', 86.0, 83.0, 75.0, 88.0, 83.0),
(36, 319, 'Pendidikan Agama', 91.0, 85.0, 73.0, 82.0, 82.8),
(36, 320, 'PKN', 93.0, 72.0, 76.0, 81.0, 80.5),
(36, 321, 'Produktif Kejuruan', 82.0, 91.0, 71.0, 82.0, 81.5),
(36, 322, 'Olahraga', 76.0, 85.0, 78.0, 91.0, 82.5),
(36, 323, 'Seni Budaya', 84.0, 72.0, 93.0, 94.0, 85.8),
(36, 324, 'Sejarah', 81.0, 92.0, 83.0, 87.0, 85.8),
(37, 325, 'Matematika', 87.0, 90.0, 73.0, 86.0, 84.0),
(37, 326, 'Bahasa Indonesia', 75.0, 87.0, 88.0, 76.0, 81.5),
(37, 327, 'Bahasa Inggris', 89.0, 86.0, 91.0, 89.0, 88.8),
(37, 328, 'Pendidikan Agama', 86.0, 83.0, 84.0, 91.0, 86.0),
(37, 329, 'PKN', 83.0, 92.0, 71.0, 81.0, 81.8),
(37, 330, 'Produktif Kejuruan', 86.0, 88.0, 84.0, 85.0, 85.8),
(37, 331, 'Olahraga', 85.0, 88.0, 82.0, 95.0, 87.5),
(37, 332, 'Seni Budaya', 82.0, 87.0, 87.0, 82.0, 84.5),
(37, 333, 'Sejarah', 93.0, 82.0, 81.0, 93.0, 87.2),
(38, 334, 'Matematika', 88.0, 86.0, 95.0, 88.0, 89.2),
(38, 335, 'Bahasa Indonesia', 82.0, 93.0, 82.0, 86.0, 85.8),
(38, 336, 'Bahasa Inggris', 91.0, 92.0, 78.0, 84.0, 86.2),
(38, 337, 'Pendidikan Agama', 70.0, 94.0, 94.0, 70.0, 82.0),
(38, 338, 'PKN', 72.0, 86.0, 73.0, 84.0, 78.8),
(38, 339, 'Produktif Kejuruan', 85.0, 74.0, 90.0, 87.0, 84.0),
(38, 340, 'Olahraga', 81.0, 91.0, 72.0, 83.0, 81.8),
(38, 341, 'Seni Budaya', 92.0, 84.0, 78.0, 80.0, 83.5),
(38, 342, 'Sejarah', 72.0, 90.0, 78.0, 80.0, 80.0),
(39, 343, 'Matematika', 91.0, 88.0, 76.0, 75.0, 82.5),
(39, 344, 'Bahasa Indonesia', 80.0, 90.0, 75.0, 95.0, 85.0),
(39, 345, 'Bahasa Inggris', 95.0, 79.0, 91.0, 79.0, 86.0),
(39, 346, 'Pendidikan Agama', 91.0, 87.0, 92.0, 80.0, 87.5),
(39, 347, 'PKN', 78.0, 90.0, 89.0, 88.0, 86.2),
(39, 348, 'Produktif Kejuruan', 92.0, 78.0, 90.0, 71.0, 82.8),
(39, 349, 'Olahraga', 90.0, 87.0, 88.0, 72.0, 84.2),
(39, 350, 'Seni Budaya', 89.0, 91.0, 84.0, 76.0, 85.0),
(39, 351, 'Sejarah', 79.0, 82.0, 71.0, 75.0, 76.8),
(40, 352, 'Matematika', 73.0, 83.0, 74.0, 78.0, 77.0),
(40, 353, 'Bahasa Indonesia', 71.0, 94.0, 92.0, 78.0, 83.8),
(40, 354, 'Bahasa Inggris', 70.0, 90.0, 72.0, 88.0, 80.0),
(40, 355, 'Pendidikan Agama', 77.0, 94.0, 81.0, 93.0, 86.2),
(40, 356, 'PKN', 89.0, 85.0, 91.0, 92.0, 89.2),
(40, 357, 'Produktif Kejuruan', 86.0, 94.0, 70.0, 88.0, 84.5),
(40, 358, 'Olahraga', 70.0, 78.0, 71.0, 73.0, 73.0),
(40, 359, 'Seni Budaya', 74.0, 90.0, 78.0, 89.0, 82.8),
(40, 360, 'Sejarah', 72.0, 92.0, 83.0, 80.0, 81.8),
(41, 361, 'Matematika', 77.0, 78.0, 79.0, 95.0, 82.2),
(41, 362, 'Bahasa Indonesia', 89.0, 87.0, 88.0, 80.0, 86.0),
(41, 363, 'Bahasa Inggris', 91.0, 71.0, 91.0, 76.0, 82.2),
(41, 364, 'Pendidikan Agama', 73.0, 83.0, 89.0, 91.0, 84.0),
(41, 365, 'PKN', 79.0, 82.0, 73.0, 76.0, 77.5),
(41, 366, 'Produktif Kejuruan', 83.0, 79.0, 76.0, 80.0, 79.5),
(41, 367, 'Olahraga', 94.0, 87.0, 70.0, 86.0, 84.2),
(41, 368, 'Seni Budaya', 81.0, 72.0, 85.0, 72.0, 77.5),
(41, 369, 'Sejarah', 90.0, 91.0, 70.0, 93.0, 86.0),
(42, 370, 'Matematika', 88.0, 75.0, 77.0, 95.0, 83.8),
(42, 371, 'Bahasa Indonesia', 90.0, 74.0, 81.0, 76.0, 80.2),
(42, 372, 'Bahasa Inggris', 88.0, 87.0, 90.0, 81.0, 86.5),
(42, 373, 'Pendidikan Agama', 74.0, 72.0, 95.0, 75.0, 79.0),
(42, 374, 'PKN', 83.0, 93.0, 86.0, 81.0, 85.8),
(42, 375, 'Produktif Kejuruan', 70.0, 71.0, 87.0, 77.0, 76.2),
(42, 376, 'Olahraga', 81.0, 93.0, 78.0, 71.0, 80.8),
(42, 377, 'Seni Budaya', 89.0, 92.0, 77.0, 86.0, 86.0),
(42, 378, 'Sejarah', 81.0, 93.0, 70.0, 84.0, 82.0),
(43, 379, 'Matematika', 90.0, 90.0, 84.0, 79.0, 85.8),
(43, 380, 'Bahasa Indonesia', 93.0, 84.0, 92.0, 84.0, 88.2),
(43, 381, 'Bahasa Inggris', 72.0, 89.0, 72.0, 70.0, 75.8),
(43, 382, 'Pendidikan Agama', 81.0, 93.0, 78.0, 91.0, 85.8),
(43, 383, 'PKN', 77.0, 90.0, 92.0, 78.0, 84.2),
(43, 384, 'Produktif Kejuruan', 74.0, 93.0, 82.0, 88.0, 84.2),
(43, 385, 'Olahraga', 80.0, 87.0, 75.0, 90.0, 83.0),
(43, 386, 'Seni Budaya', 87.0, 86.0, 72.0, 71.0, 79.0),
(43, 387, 'Sejarah', 70.0, 90.0, 85.0, 85.0, 82.5),
(44, 388, 'Matematika', 92.0, 93.0, 74.0, 70.0, 82.2),
(44, 389, 'Bahasa Indonesia', 91.0, 73.0, 71.0, 75.0, 77.5),
(44, 390, 'Bahasa Inggris', 80.0, 89.0, 76.0, 85.0, 82.5),
(44, 391, 'Pendidikan Agama', 72.0, 85.0, 81.0, 76.0, 78.5),
(44, 392, 'PKN', 77.0, 81.0, 73.0, 88.0, 79.8),
(44, 393, 'Produktif Kejuruan', 89.0, 82.0, 70.0, 85.0, 81.5),
(44, 394, 'Olahraga', 92.0, 77.0, 78.0, 85.0, 83.0),
(44, 395, 'Seni Budaya', 88.0, 95.0, 82.0, 91.0, 89.0),
(44, 396, 'Sejarah', 73.0, 95.0, 89.0, 85.0, 85.5),
(45, 397, 'Matematika', 81.0, 85.0, 83.0, 94.0, 85.8),
(45, 398, 'Bahasa Indonesia', 91.0, 88.0, 70.0, 72.0, 80.2),
(45, 399, 'Bahasa Inggris', 87.0, 94.0, 71.0, 73.0, 81.2),
(45, 400, 'Pendidikan Agama', 75.0, 79.0, 77.0, 86.0, 79.2),
(45, 401, 'PKN', 89.0, 91.0, 70.0, 89.0, 84.8),
(45, 402, 'Produktif Kejuruan', 85.0, 75.0, 94.0, 79.0, 83.2),
(45, 403, 'Olahraga', 80.0, 93.0, 75.0, 91.0, 84.8),
(45, 404, 'Seni Budaya', 76.0, 94.0, 74.0, 79.0, 80.8),
(45, 405, 'Sejarah', 93.0, 89.0, 94.0, 91.0, 91.8),
(46, 406, 'Matematika', 86.0, 79.0, 74.0, 87.0, 81.5),
(46, 407, 'Bahasa Indonesia', 77.0, 77.0, 91.0, 81.0, 81.5),
(46, 408, 'Bahasa Inggris', 79.0, 82.0, 92.0, 72.0, 81.2),
(46, 409, 'Pendidikan Agama', 71.0, 74.0, 72.0, 84.0, 75.2),
(46, 410, 'PKN', 74.0, 88.0, 80.0, 94.0, 84.0),
(46, 411, 'Produktif Kejuruan', 81.0, 89.0, 85.0, 82.0, 84.2),
(46, 412, 'Olahraga', 75.0, 80.0, 74.0, 82.0, 77.8),
(46, 413, 'Seni Budaya', 88.0, 77.0, 80.0, 83.0, 82.0),
(46, 414, 'Sejarah', 94.0, 78.0, 94.0, 84.0, 87.5),
(47, 415, 'Matematika', 82.0, 82.0, 95.0, 91.0, 87.5),
(47, 416, 'Bahasa Indonesia', 89.0, 82.0, 89.0, 94.0, 88.5),
(47, 417, 'Bahasa Inggris', 72.0, 93.0, 85.0, 74.0, 81.0),
(47, 418, 'Pendidikan Agama', 81.0, 87.0, 88.0, 87.0, 85.8),
(47, 419, 'PKN', 76.0, 76.0, 86.0, 70.0, 77.0),
(47, 420, 'Produktif Kejuruan', 70.0, 87.0, 71.0, 94.0, 80.5),
(47, 421, 'Olahraga', 95.0, 74.0, 80.0, 72.0, 80.2),
(47, 422, 'Seni Budaya', 83.0, 87.0, 85.0, 89.0, 86.0),
(47, 423, 'Sejarah', 88.0, 83.0, 82.0, 90.0, 85.8),
(48, 424, 'Matematika', 93.0, 92.0, 91.0, 91.0, 91.8),
(48, 425, 'Bahasa Indonesia', 85.0, 74.0, 87.0, 83.0, 82.2),
(48, 426, 'Bahasa Inggris', 84.0, 94.0, 77.0, 81.0, 84.0),
(48, 427, 'Pendidikan Agama', 80.0, 92.0, 84.0, 91.0, 86.8),
(48, 428, 'PKN', 76.0, 71.0, 78.0, 76.0, 75.2),
(48, 429, 'Produktif Kejuruan', 81.0, 82.0, 93.0, 86.0, 85.5),
(48, 430, 'Olahraga', 87.0, 89.0, 84.0, 70.0, 82.5),
(48, 431, 'Seni Budaya', 91.0, 73.0, 81.0, 91.0, 84.0),
(48, 432, 'Sejarah', 72.0, 75.0, 73.0, 87.0, 76.8),
(49, 433, 'Matematika', 92.0, 76.0, 70.0, 92.0, 82.5),
(49, 434, 'Bahasa Indonesia', 75.0, 88.0, 85.0, 74.0, 80.5),
(49, 435, 'Bahasa Inggris', 73.0, 75.0, 84.0, 90.0, 80.5),
(49, 436, 'Pendidikan Agama', 73.0, 94.0, 79.0, 88.0, 83.5),
(49, 437, 'PKN', 87.0, 90.0, 76.0, 90.0, 85.8),
(49, 438, 'Produktif Kejuruan', 89.0, 93.0, 87.0, 87.0, 89.0),
(49, 439, 'Olahraga', 79.0, 92.0, 92.0, 83.0, 86.5),
(49, 440, 'Seni Budaya', 79.0, 95.0, 90.0, 80.0, 86.0),
(49, 441, 'Sejarah', 79.0, 84.0, 95.0, 76.0, 83.5),
(50, 442, 'Matematika', 82.0, 80.0, 82.0, 92.0, 84.0),
(50, 443, 'Bahasa Indonesia', 80.0, 78.0, 74.0, 74.0, 76.5),
(50, 444, 'Bahasa Inggris', 86.0, 84.0, 92.0, 92.0, 88.5),
(50, 445, 'Pendidikan Agama', 81.0, 82.0, 91.0, 76.0, 82.5),
(50, 446, 'PKN', 72.0, 89.0, 82.0, 75.0, 79.5),
(50, 447, 'Produktif Kejuruan', 86.0, 93.0, 82.0, 93.0, 88.5),
(50, 448, 'Olahraga', 82.0, 74.0, 88.0, 78.0, 80.5),
(50, 449, 'Seni Budaya', 94.0, 72.0, 89.0, 83.0, 84.5),
(50, 450, 'Sejarah', 95.0, 87.0, 79.0, 85.0, 86.5),
(51, 451, 'Matematika', 92.0, 76.0, 74.0, 75.0, 79.2),
(51, 452, 'Bahasa Indonesia', 86.0, 85.0, 70.0, 82.0, 80.8),
(51, 453, 'Bahasa Inggris', 75.0, 93.0, 82.0, 90.0, 85.0),
(51, 454, 'Pendidikan Agama', 90.0, 83.0, 83.0, 71.0, 81.8),
(51, 455, 'PKN', 91.0, 83.0, 73.0, 78.0, 81.2),
(51, 456, 'Produktif Kejuruan', 79.0, 83.0, 91.0, 87.0, 85.0),
(51, 457, 'Olahraga', 91.0, 75.0, 71.0, 72.0, 77.2),
(51, 458, 'Seni Budaya', 79.0, 70.0, 85.0, 90.0, 81.0),
(51, 459, 'Sejarah', 77.0, 89.0, 88.0, 74.0, 82.0),
(52, 460, 'Matematika', 81.0, 94.0, 83.0, 90.0, 87.0),
(52, 461, 'Bahasa Indonesia', 86.0, 89.0, 73.0, 90.0, 84.5),
(52, 462, 'Bahasa Inggris', 76.0, 84.0, 74.0, 86.0, 80.0),
(52, 463, 'Pendidikan Agama', 89.0, 82.0, 74.0, 73.0, 79.5),
(52, 464, 'PKN', 88.0, 84.0, 78.0, 95.0, 86.2),
(52, 465, 'Produktif Kejuruan', 94.0, 75.0, 70.0, 72.0, 77.8),
(52, 466, 'Olahraga', 81.0, 82.0, 74.0, 81.0, 79.5),
(52, 467, 'Seni Budaya', 75.0, 91.0, 76.0, 80.0, 80.5),
(52, 468, 'Sejarah', 74.0, 75.0, 74.0, 74.0, 74.2),
(53, 469, 'Matematika', 94.0, 74.0, 85.0, 81.0, 83.5),
(53, 470, 'Bahasa Indonesia', 91.0, 71.0, 82.0, 82.0, 81.5),
(53, 471, 'Bahasa Inggris', 92.0, 86.0, 92.0, 94.0, 91.0),
(53, 472, 'Pendidikan Agama', 78.0, 94.0, 79.0, 86.0, 84.2),
(53, 473, 'PKN', 79.0, 94.0, 77.0, 85.0, 83.8),
(53, 474, 'Produktif Kejuruan', 77.0, 94.0, 80.0, 91.0, 85.5),
(53, 475, 'Olahraga', 85.0, 71.0, 74.0, 72.0, 75.5),
(53, 476, 'Seni Budaya', 88.0, 91.0, 90.0, 77.0, 86.5),
(53, 477, 'Sejarah', 83.0, 70.0, 94.0, 75.0, 80.5),
(54, 478, 'Matematika', 82.0, 88.0, 72.0, 90.0, 83.0),
(54, 479, 'Bahasa Indonesia', 77.0, 75.0, 86.0, 92.0, 82.5),
(54, 480, 'Bahasa Inggris', 78.0, 73.0, 77.0, 79.0, 76.8),
(54, 481, 'Pendidikan Agama', 84.0, 77.0, 95.0, 82.0, 84.5),
(54, 482, 'PKN', 93.0, 73.0, 85.0, 72.0, 80.8),
(54, 483, 'Produktif Kejuruan', 74.0, 82.0, 87.0, 87.0, 82.5),
(54, 484, 'Olahraga', 80.0, 73.0, 84.0, 76.0, 78.2),
(54, 485, 'Seni Budaya', 85.0, 87.0, 80.0, 91.0, 85.8),
(54, 486, 'Sejarah', 72.0, 86.0, 80.0, 81.0, 79.8),
(55, 487, 'Matematika', 91.0, 80.0, 71.0, 76.0, 79.5),
(55, 488, 'Bahasa Indonesia', 87.0, 94.0, 73.0, 89.0, 85.8),
(55, 489, 'Bahasa Inggris', 89.0, 92.0, 86.0, 73.0, 85.0),
(55, 490, 'Pendidikan Agama', 81.0, 86.0, 70.0, 80.0, 79.2),
(55, 491, 'PKN', 77.0, 74.0, 71.0, 77.0, 74.8),
(55, 492, 'Produktif Kejuruan', 71.0, 86.0, 84.0, 87.0, 82.0),
(55, 493, 'Olahraga', 93.0, 87.0, 87.0, 83.0, 87.5),
(55, 494, 'Seni Budaya', 91.0, 73.0, 77.0, 72.0, 78.2),
(55, 495, 'Sejarah', 92.0, 91.0, 91.0, 70.0, 86.0),
(56, 496, 'Matematika', 71.0, 92.0, 78.0, 90.0, 82.8),
(56, 497, 'Bahasa Indonesia', 85.0, 83.0, 75.0, 75.0, 79.5),
(56, 498, 'Bahasa Inggris', 95.0, 91.0, 81.0, 72.0, 84.8),
(56, 499, 'Pendidikan Agama', 87.0, 85.0, 73.0, 83.0, 82.0),
(56, 500, 'PKN', 71.0, 90.0, 79.0, 84.0, 81.0),
(56, 501, 'Produktif Kejuruan', 83.0, 82.0, 95.0, 79.0, 84.8),
(56, 502, 'Olahraga', 84.0, 91.0, 88.0, 70.0, 83.2),
(56, 503, 'Seni Budaya', 87.0, 91.0, 92.0, 91.0, 90.2),
(56, 504, 'Sejarah', 88.0, 74.0, 94.0, 84.0, 85.0),
(57, 505, 'Matematika', 84.0, 85.0, 95.0, 89.0, 88.2),
(57, 506, 'Bahasa Indonesia', 93.0, 83.0, 83.0, 90.0, 87.2),
(57, 507, 'Bahasa Inggris', 93.0, 83.0, 75.0, 78.0, 82.2),
(57, 508, 'Pendidikan Agama', 72.0, 71.0, 77.0, 72.0, 73.0),
(57, 509, 'PKN', 88.0, 74.0, 86.0, 87.0, 83.8),
(57, 510, 'Produktif Kejuruan', 87.0, 86.0, 84.0, 73.0, 82.5),
(57, 511, 'Olahraga', 73.0, 93.0, 91.0, 93.0, 87.5),
(57, 512, 'Seni Budaya', 73.0, 88.0, 90.0, 93.0, 86.0),
(57, 513, 'Sejarah', 85.0, 91.0, 89.0, 72.0, 84.2),
(58, 514, 'Matematika', 81.0, 74.0, 75.0, 74.0, 76.0),
(58, 515, 'Bahasa Indonesia', 81.0, 88.0, 92.0, 86.0, 86.8),
(58, 516, 'Bahasa Inggris', 71.0, 82.0, 81.0, 94.0, 82.0),
(58, 517, 'Pendidikan Agama', 91.0, 90.0, 83.0, 72.0, 84.0),
(58, 518, 'PKN', 80.0, 75.0, 87.0, 93.0, 83.8),
(58, 519, 'Produktif Kejuruan', 86.0, 78.0, 84.0, 85.0, 83.2),
(58, 520, 'Olahraga', 91.0, 70.0, 86.0, 88.0, 83.8),
(58, 521, 'Seni Budaya', 71.0, 93.0, 74.0, 75.0, 78.2),
(58, 522, 'Sejarah', 94.0, 92.0, 73.0, 85.0, 86.0),
(59, 523, 'Matematika', 74.0, 82.0, 87.0, 86.0, 82.2),
(59, 524, 'Bahasa Indonesia', 70.0, 95.0, 86.0, 74.0, 81.2),
(59, 525, 'Bahasa Inggris', 92.0, 73.0, 90.0, 95.0, 87.5),
(59, 526, 'Pendidikan Agama', 76.0, 71.0, 70.0, 86.0, 75.8),
(59, 527, 'PKN', 87.0, 74.0, 89.0, 92.0, 85.5),
(59, 528, 'Produktif Kejuruan', 79.0, 88.0, 77.0, 82.0, 81.5),
(59, 529, 'Olahraga', 84.0, 95.0, 88.0, 85.0, 88.0),
(59, 530, 'Seni Budaya', 77.0, 84.0, 83.0, 77.0, 80.2),
(59, 531, 'Sejarah', 82.0, 71.0, 70.0, 94.0, 79.2),
(60, 532, 'Matematika', 90.0, 77.0, 74.0, 85.0, 81.5),
(60, 533, 'Bahasa Indonesia', 74.0, 91.0, 72.0, 77.0, 78.5),
(60, 534, 'Bahasa Inggris', 81.0, 88.0, 74.0, 82.0, 81.2),
(60, 535, 'Pendidikan Agama', 87.0, 93.0, 80.0, 76.0, 84.0),
(60, 536, 'PKN', 90.0, 95.0, 71.0, 71.0, 81.8),
(60, 537, 'Produktif Kejuruan', 89.0, 86.0, 88.0, 84.0, 86.8),
(60, 538, 'Olahraga', 74.0, 78.0, 90.0, 73.0, 78.8),
(60, 539, 'Seni Budaya', 78.0, 74.0, 79.0, 94.0, 81.2),
(60, 540, 'Sejarah', 88.0, 90.0, 79.0, 91.0, 87.0),
(61, 541, 'Matematika', 84.0, 82.0, 92.0, 81.0, 84.8),
(61, 542, 'Bahasa Indonesia', 82.0, 85.0, 85.0, 71.0, 80.8),
(61, 543, 'Bahasa Inggris', 88.0, 75.0, 88.0, 90.0, 85.2),
(61, 544, 'Pendidikan Agama', 75.0, 72.0, 87.0, 81.0, 78.8),
(61, 545, 'PKN', 83.0, 80.0, 77.0, 95.0, 83.8),
(61, 546, 'Produktif Kejuruan', 74.0, 72.0, 74.0, 81.0, 75.2),
(61, 547, 'Olahraga', 70.0, 94.0, 82.0, 80.0, 81.5),
(61, 548, 'Seni Budaya', 82.0, 86.0, 93.0, 77.0, 84.5),
(61, 549, 'Sejarah', 87.0, 88.0, 77.0, 94.0, 86.5),
(62, 550, 'Matematika', 95.0, 80.0, 89.0, 85.0, 87.2),
(62, 551, 'Bahasa Indonesia', 95.0, 75.0, 91.0, 92.0, 88.2),
(62, 552, 'Bahasa Inggris', 94.0, 90.0, 77.0, 89.0, 87.5),
(62, 553, 'Pendidikan Agama', 95.0, 75.0, 94.0, 93.0, 89.2),
(62, 554, 'PKN', 72.0, 87.0, 93.0, 82.0, 83.5),
(62, 555, 'Produktif Kejuruan', 82.0, 84.0, 94.0, 87.0, 86.8),
(62, 556, 'Olahraga', 73.0, 74.0, 76.0, 73.0, 74.0),
(62, 557, 'Seni Budaya', 77.0, 81.0, 76.0, 92.0, 81.5),
(62, 558, 'Sejarah', 77.0, 70.0, 78.0, 87.0, 78.0),
(63, 559, 'Matematika', 80.0, 78.0, 73.0, 77.0, 77.0),
(63, 560, 'Bahasa Indonesia', 92.0, 89.0, 85.0, 95.0, 90.2),
(63, 561, 'Bahasa Inggris', 95.0, 77.0, 77.0, 71.0, 80.0),
(63, 562, 'Pendidikan Agama', 86.0, 77.0, 93.0, 74.0, 82.5),
(63, 563, 'PKN', 80.0, 78.0, 94.0, 70.0, 80.5),
(63, 564, 'Produktif Kejuruan', 81.0, 79.0, 71.0, 74.0, 76.2),
(63, 565, 'Olahraga', 87.0, 70.0, 84.0, 95.0, 84.0),
(63, 566, 'Seni Budaya', 71.0, 74.0, 89.0, 95.0, 82.2),
(63, 567, 'Sejarah', 80.0, 88.0, 94.0, 71.0, 83.2),
(64, 568, 'Matematika', 95.0, 73.0, 87.0, 91.0, 86.5),
(64, 569, 'Bahasa Indonesia', 84.0, 88.0, 94.0, 76.0, 85.5),
(64, 570, 'Bahasa Inggris', 91.0, 73.0, 87.0, 86.0, 84.2),
(64, 571, 'Pendidikan Agama', 95.0, 88.0, 77.0, 81.0, 85.2),
(64, 572, 'PKN', 73.0, 71.0, 90.0, 71.0, 76.2),
(64, 573, 'Produktif Kejuruan', 70.0, 81.0, 79.0, 72.0, 75.5),
(64, 574, 'Olahraga', 89.0, 91.0, 74.0, 87.0, 85.2),
(64, 575, 'Seni Budaya', 92.0, 87.0, 86.0, 82.0, 86.8),
(64, 576, 'Sejarah', 90.0, 79.0, 91.0, 80.0, 85.0),
(65, 577, 'Matematika', 81.0, 95.0, 70.0, 86.0, 83.0),
(65, 578, 'Bahasa Indonesia', 88.0, 73.0, 74.0, 77.0, 78.0),
(65, 579, 'Bahasa Inggris', 83.0, 95.0, 94.0, 92.0, 91.0),
(65, 580, 'Pendidikan Agama', 79.0, 83.0, 82.0, 80.0, 81.0),
(65, 581, 'PKN', 73.0, 90.0, 75.0, 90.0, 82.0),
(65, 582, 'Produktif Kejuruan', 93.0, 95.0, 75.0, 79.0, 85.5),
(65, 583, 'Olahraga', 87.0, 84.0, 95.0, 72.0, 84.5),
(65, 584, 'Seni Budaya', 80.0, 75.0, 82.0, 83.0, 80.0),
(65, 585, 'Sejarah', 78.0, 86.0, 70.0, 94.0, 82.0),
(66, 586, 'Matematika', 88.0, 86.0, 76.0, 81.0, 82.8),
(66, 587, 'Bahasa Indonesia', 94.0, 91.0, 75.0, 75.0, 83.8),
(66, 588, 'Bahasa Inggris', 71.0, 90.0, 83.0, 87.0, 82.8),
(66, 589, 'Pendidikan Agama', 92.0, 84.0, 76.0, 87.0, 84.8),
(66, 590, 'PKN', 76.0, 90.0, 75.0, 91.0, 83.0),
(66, 591, 'Produktif Kejuruan', 88.0, 77.0, 70.0, 77.0, 78.0),
(66, 592, 'Olahraga', 88.0, 85.0, 74.0, 80.0, 81.8),
(66, 593, 'Seni Budaya', 95.0, 78.0, 81.0, 83.0, 84.2),
(66, 594, 'Sejarah', 71.0, 77.0, 83.0, 87.0, 79.5),
(67, 595, 'Matematika', 80.0, 86.0, 86.0, 83.0, 83.8),
(67, 596, 'Bahasa Indonesia', 89.0, 91.0, 95.0, 84.0, 89.8),
(67, 597, 'Bahasa Inggris', 70.0, 88.0, 95.0, 82.0, 83.8),
(67, 598, 'Pendidikan Agama', 81.0, 94.0, 88.0, 86.0, 87.2),
(67, 599, 'PKN', 76.0, 73.0, 84.0, 88.0, 80.2),
(67, 600, 'Produktif Kejuruan', 83.0, 76.0, 87.0, 80.0, 81.5),
(67, 601, 'Olahraga', 86.0, 95.0, 75.0, 78.0, 83.5),
(67, 602, 'Seni Budaya', 95.0, 75.0, 91.0, 74.0, 83.8),
(67, 603, 'Sejarah', 79.0, 89.0, 76.0, 77.0, 80.2),
(68, 604, 'Matematika', 78.0, 91.0, 70.0, 88.0, 81.8),
(68, 605, 'Bahasa Indonesia', 72.0, 85.0, 77.0, 95.0, 82.2),
(68, 606, 'Bahasa Inggris', 89.0, 85.0, 79.0, 71.0, 81.0),
(68, 607, 'Pendidikan Agama', 81.0, 77.0, 91.0, 90.0, 84.8),
(68, 608, 'PKN', 88.0, 70.0, 74.0, 94.0, 81.5),
(68, 609, 'Produktif Kejuruan', 76.0, 70.0, 74.0, 87.0, 76.8),
(68, 610, 'Olahraga', 72.0, 92.0, 79.0, 77.0, 80.0),
(68, 611, 'Seni Budaya', 91.0, 81.0, 74.0, 73.0, 79.8),
(68, 612, 'Sejarah', 85.0, 76.0, 89.0, 78.0, 82.0),
(69, 613, 'Matematika', 92.0, 77.0, 72.0, 70.0, 77.8),
(69, 614, 'Bahasa Indonesia', 75.0, 95.0, 84.0, 84.0, 84.5),
(69, 615, 'Bahasa Inggris', 71.0, 72.0, 78.0, 80.0, 75.2),
(69, 616, 'Pendidikan Agama', 78.0, 76.0, 88.0, 82.0, 81.0),
(69, 617, 'PKN', 77.0, 85.0, 85.0, 79.0, 81.5),
(69, 618, 'Produktif Kejuruan', 87.0, 87.0, 79.0, 94.0, 86.8),
(69, 619, 'Olahraga', 83.0, 87.0, 84.0, 85.0, 84.8),
(69, 620, 'Seni Budaya', 91.0, 92.0, 70.0, 71.0, 81.0),
(69, 621, 'Sejarah', 94.0, 80.0, 80.0, 84.0, 84.5),
(70, 622, 'Matematika', 70.0, 71.0, 88.0, 91.0, 80.0),
(70, 623, 'Bahasa Indonesia', 70.0, 78.0, 79.0, 73.0, 75.0),
(70, 624, 'Bahasa Inggris', 72.0, 94.0, 92.0, 91.0, 87.2),
(70, 625, 'Pendidikan Agama', 91.0, 86.0, 85.0, 90.0, 88.0),
(70, 626, 'PKN', 70.0, 72.0, 75.0, 91.0, 77.0),
(70, 627, 'Produktif Kejuruan', 90.0, 89.0, 76.0, 95.0, 87.5),
(70, 628, 'Olahraga', 80.0, 79.0, 70.0, 90.0, 79.8),
(70, 629, 'Seni Budaya', 73.0, 85.0, 90.0, 84.0, 83.0),
(70, 630, 'Sejarah', 76.0, 89.0, 86.0, 92.0, 85.8),
(71, 631, 'Matematika', 77.0, 95.0, 93.0, 84.0, 87.2),
(71, 632, 'Bahasa Indonesia', 76.0, 77.0, 71.0, 72.0, 74.0),
(71, 633, 'Bahasa Inggris', 90.0, 92.0, 82.0, 74.0, 84.5),
(71, 634, 'Pendidikan Agama', 93.0, 78.0, 93.0, 76.0, 85.0),
(71, 635, 'PKN', 85.0, 79.0, 81.0, 79.0, 81.0),
(71, 636, 'Produktif Kejuruan', 91.0, 91.0, 83.0, 90.0, 88.8),
(71, 637, 'Olahraga', 82.0, 89.0, 78.0, 82.0, 82.8),
(71, 638, 'Seni Budaya', 71.0, 94.0, 73.0, 85.0, 80.8),
(71, 639, 'Sejarah', 90.0, 93.0, 80.0, 80.0, 85.8),
(72, 640, 'Matematika', 80.0, 95.0, 78.0, 78.0, 82.8),
(72, 641, 'Bahasa Indonesia', 73.0, 80.0, 71.0, 87.0, 77.8),
(72, 642, 'Bahasa Inggris', 88.0, 92.0, 72.0, 77.0, 82.2),
(72, 643, 'Pendidikan Agama', 94.0, 81.0, 79.0, 89.0, 85.8),
(72, 644, 'PKN', 89.0, 91.0, 93.0, 91.0, 91.0),
(72, 645, 'Produktif Kejuruan', 82.0, 81.0, 85.0, 85.0, 83.2),
(72, 646, 'Olahraga', 77.0, 81.0, 91.0, 75.0, 81.0),
(72, 647, 'Seni Budaya', 84.0, 88.0, 77.0, 91.0, 85.0),
(72, 648, 'Sejarah', 74.0, 75.0, 76.0, 75.0, 75.0),
(73, 649, 'Matematika', 78.0, 94.0, 77.0, 85.0, 83.5),
(73, 650, 'Bahasa Indonesia', 76.0, 85.0, 82.0, 89.0, 83.0),
(73, 651, 'Bahasa Inggris', 81.0, 83.0, 80.0, 73.0, 79.2),
(73, 652, 'Pendidikan Agama', 87.0, 75.0, 87.0, 77.0, 81.5),
(73, 653, 'PKN', 72.0, 84.0, 74.0, 79.0, 77.2),
(73, 654, 'Produktif Kejuruan', 89.0, 82.0, 83.0, 78.0, 83.0),
(73, 655, 'Olahraga', 92.0, 70.0, 78.0, 92.0, 83.0),
(73, 656, 'Seni Budaya', 91.0, 90.0, 71.0, 73.0, 81.2),
(73, 657, 'Sejarah', 92.0, 88.0, 81.0, 87.0, 87.0),
(74, 658, 'Matematika', 78.0, 73.0, 77.0, 94.0, 80.5),
(74, 659, 'Bahasa Indonesia', 78.0, 79.0, 92.0, 70.0, 79.8),
(74, 660, 'Bahasa Inggris', 71.0, 86.0, 89.0, 78.0, 81.0),
(74, 661, 'Pendidikan Agama', 80.0, 70.0, 85.0, 83.0, 79.5),
(74, 662, 'PKN', 72.0, 87.0, 81.0, 90.0, 82.5),
(74, 663, 'Produktif Kejuruan', 89.0, 94.0, 81.0, 75.0, 84.8),
(74, 664, 'Olahraga', 93.0, 94.0, 77.0, 79.0, 85.8),
(74, 665, 'Seni Budaya', 81.0, 84.0, 78.0, 78.0, 80.2),
(74, 666, 'Sejarah', 93.0, 89.0, 73.0, 90.0, 86.2),
(75, 667, 'Matematika', 84.0, 90.0, 84.0, 89.0, 86.8),
(75, 668, 'Bahasa Indonesia', 84.0, 79.0, 85.0, 83.0, 82.8),
(75, 669, 'Bahasa Inggris', 95.0, 95.0, 84.0, 80.0, 88.5),
(75, 670, 'Pendidikan Agama', 89.0, 87.0, 89.0, 85.0, 87.5),
(75, 671, 'PKN', 80.0, 75.0, 85.0, 83.0, 80.8),
(75, 672, 'Produktif Kejuruan', 94.0, 88.0, 87.0, 94.0, 90.8),
(75, 673, 'Olahraga', 71.0, 88.0, 77.0, 77.0, 78.2),
(75, 674, 'Seni Budaya', 87.0, 88.0, 95.0, 84.0, 88.5),
(75, 675, 'Sejarah', 70.0, 74.0, 74.0, 90.0, 77.0),
(76, 676, 'Matematika', 92.0, 70.0, 83.0, 89.0, 83.5),
(76, 677, 'Bahasa Indonesia', 88.0, 77.0, 88.0, 94.0, 86.8),
(76, 678, 'Bahasa Inggris', 71.0, 91.0, 72.0, 82.0, 79.0),
(76, 679, 'Pendidikan Agama', 91.0, 88.0, 74.0, 93.0, 86.5),
(76, 680, 'PKN', 77.0, 81.0, 95.0, 79.0, 83.0),
(76, 681, 'Produktif Kejuruan', 82.0, 75.0, 81.0, 83.0, 80.2),
(76, 682, 'Olahraga', 80.0, 77.0, 85.0, 83.0, 81.2),
(76, 683, 'Seni Budaya', 81.0, 77.0, 81.0, 71.0, 77.5),
(76, 684, 'Sejarah', 88.0, 94.0, 82.0, 84.0, 87.0),
(77, 685, 'Matematika', 74.0, 74.0, 87.0, 92.0, 81.8),
(77, 686, 'Bahasa Indonesia', 92.0, 83.0, 71.0, 81.0, 81.8),
(77, 687, 'Bahasa Inggris', 75.0, 88.0, 77.0, 91.0, 82.8),
(77, 688, 'Pendidikan Agama', 94.0, 95.0, 89.0, 93.0, 92.8),
(77, 689, 'PKN', 88.0, 79.0, 81.0, 79.0, 81.8),
(77, 690, 'Produktif Kejuruan', 81.0, 76.0, 92.0, 85.0, 83.5),
(77, 691, 'Olahraga', 92.0, 73.0, 76.0, 81.0, 80.5),
(77, 692, 'Seni Budaya', 93.0, 82.0, 90.0, 82.0, 86.8),
(77, 693, 'Sejarah', 77.0, 86.0, 95.0, 85.0, 85.8),
(78, 694, 'Matematika', 71.0, 74.0, 89.0, 89.0, 80.8),
(78, 695, 'Bahasa Indonesia', 85.0, 75.0, 74.0, 91.0, 81.2),
(78, 696, 'Bahasa Inggris', 78.0, 88.0, 82.0, 72.0, 80.0),
(78, 697, 'Pendidikan Agama', 84.0, 88.0, 78.0, 84.0, 83.5),
(78, 698, 'PKN', 74.0, 84.0, 89.0, 76.0, 80.8),
(78, 699, 'Produktif Kejuruan', 93.0, 91.0, 90.0, 73.0, 86.8),
(78, 700, 'Olahraga', 80.0, 79.0, 82.0, 79.0, 80.0),
(78, 701, 'Seni Budaya', 77.0, 92.0, 74.0, 92.0, 83.8),
(78, 702, 'Sejarah', 82.0, 81.0, 80.0, 85.0, 82.0),
(79, 703, 'Matematika', 86.0, 86.0, 86.0, 81.0, 84.8),
(79, 704, 'Bahasa Indonesia', 72.0, 89.0, 79.0, 79.0, 79.8),
(79, 705, 'Bahasa Inggris', 85.0, 78.0, 93.0, 72.0, 82.0),
(79, 706, 'Pendidikan Agama', 88.0, 81.0, 77.0, 88.0, 83.5),
(79, 707, 'PKN', 87.0, 82.0, 95.0, 78.0, 85.5),
(79, 708, 'Produktif Kejuruan', 91.0, 70.0, 87.0, 72.0, 80.0),
(79, 709, 'Olahraga', 74.0, 76.0, 83.0, 84.0, 79.2),
(79, 710, 'Seni Budaya', 71.0, 92.0, 72.0, 82.0, 79.2),
(79, 711, 'Sejarah', 95.0, 93.0, 92.0, 87.0, 91.8),
(80, 712, 'Matematika', 83.0, 92.0, 82.0, 84.0, 85.2),
(80, 713, 'Bahasa Indonesia', 78.0, 71.0, 90.0, 93.0, 83.0),
(80, 714, 'Bahasa Inggris', 95.0, 92.0, 71.0, 79.0, 84.2),
(80, 715, 'Pendidikan Agama', 79.0, 88.0, 95.0, 89.0, 87.8),
(80, 716, 'PKN', 71.0, 82.0, 75.0, 88.0, 79.0),
(80, 717, 'Produktif Kejuruan', 92.0, 72.0, 87.0, 85.0, 84.0),
(80, 718, 'Olahraga', 90.0, 76.0, 92.0, 81.0, 84.8),
(80, 719, 'Seni Budaya', 78.0, 78.0, 89.0, 94.0, 84.8),
(80, 720, 'Sejarah', 95.0, 73.0, 94.0, 90.0, 88.0),
(81, 721, 'Matematika', 82.0, 91.0, 79.0, 88.0, 85.0),
(81, 722, 'Bahasa Indonesia', 77.0, 94.0, 85.0, 89.0, 86.2),
(81, 723, 'Bahasa Inggris', 78.0, 84.0, 86.0, 75.0, 80.8),
(81, 724, 'Pendidikan Agama', 83.0, 80.0, 70.0, 91.0, 81.0),
(81, 725, 'PKN', 73.0, 85.0, 73.0, 73.0, 76.0),
(81, 726, 'Produktif Kejuruan', 75.0, 78.0, 90.0, 85.0, 82.0),
(81, 727, 'Olahraga', 71.0, 89.0, 78.0, 79.0, 79.2),
(81, 728, 'Seni Budaya', 81.0, 75.0, 73.0, 72.0, 75.2),
(81, 729, 'Sejarah', 82.0, 79.0, 89.0, 86.0, 84.0),
(82, 730, 'Matematika', 87.0, 84.0, 86.0, 84.0, 85.2),
(82, 731, 'Bahasa Indonesia', 90.0, 77.0, 75.0, 74.0, 79.0),
(82, 732, 'Bahasa Inggris', 73.0, 70.0, 81.0, 79.0, 75.8),
(82, 733, 'Pendidikan Agama', 94.0, 89.0, 78.0, 87.0, 87.0),
(82, 734, 'PKN', 91.0, 93.0, 92.0, 94.0, 92.5),
(82, 735, 'Produktif Kejuruan', 70.0, 86.0, 89.0, 78.0, 80.8),
(82, 736, 'Olahraga', 70.0, 92.0, 89.0, 86.0, 84.2),
(82, 737, 'Seni Budaya', 91.0, 76.0, 90.0, 83.0, 85.0),
(82, 738, 'Sejarah', 71.0, 91.0, 77.0, 86.0, 81.2),
(83, 739, 'Matematika', 76.0, 75.0, 80.0, 94.0, 81.2),
(83, 740, 'Bahasa Indonesia', 79.0, 83.0, 71.0, 78.0, 77.8),
(83, 741, 'Bahasa Inggris', 80.0, 73.0, 71.0, 93.0, 79.2),
(83, 742, 'Pendidikan Agama', 74.0, 81.0, 91.0, 84.0, 82.5),
(83, 743, 'PKN', 70.0, 84.0, 85.0, 92.0, 82.8),
(83, 744, 'Produktif Kejuruan', 88.0, 74.0, 87.0, 78.0, 81.8),
(83, 745, 'Olahraga', 91.0, 83.0, 89.0, 77.0, 85.0),
(83, 746, 'Seni Budaya', 78.0, 75.0, 74.0, 88.0, 78.8),
(83, 747, 'Sejarah', 74.0, 93.0, 95.0, 91.0, 88.2),
(84, 748, 'Matematika', 72.0, 93.0, 80.0, 89.0, 83.5),
(84, 749, 'Bahasa Indonesia', 89.0, 88.0, 94.0, 71.0, 85.5),
(84, 750, 'Bahasa Inggris', 95.0, 75.0, 94.0, 74.0, 84.5),
(84, 751, 'Pendidikan Agama', 78.0, 81.0, 89.0, 85.0, 83.2),
(84, 752, 'PKN', 82.0, 80.0, 84.0, 93.0, 84.8),
(84, 753, 'Produktif Kejuruan', 86.0, 75.0, 81.0, 83.0, 81.2),
(84, 754, 'Olahraga', 76.0, 84.0, 72.0, 87.0, 79.8),
(84, 755, 'Seni Budaya', 70.0, 84.0, 80.0, 81.0, 78.8),
(84, 756, 'Sejarah', 90.0, 88.0, 74.0, 90.0, 85.5),
(85, 757, 'Matematika', 89.0, 95.0, 80.0, 75.0, 84.8),
(85, 758, 'Bahasa Indonesia', 74.0, 78.0, 85.0, 70.0, 76.8),
(85, 759, 'Bahasa Inggris', 89.0, 91.0, 74.0, 87.0, 85.2),
(85, 760, 'Pendidikan Agama', 80.0, 81.0, 87.0, 94.0, 85.5),
(85, 761, 'PKN', 93.0, 85.0, 83.0, 80.0, 85.2),
(85, 762, 'Produktif Kejuruan', 87.0, 71.0, 71.0, 81.0, 77.5),
(85, 763, 'Olahraga', 73.0, 88.0, 70.0, 93.0, 81.0),
(85, 764, 'Seni Budaya', 72.0, 70.0, 73.0, 76.0, 72.8),
(85, 765, 'Sejarah', 90.0, 82.0, 72.0, 82.0, 81.5),
(86, 766, 'Matematika', 74.0, 76.0, 83.0, 84.0, 79.2),
(86, 767, 'Bahasa Indonesia', 70.0, 80.0, 72.0, 70.0, 73.0),
(86, 768, 'Bahasa Inggris', 94.0, 75.0, 89.0, 72.0, 82.5),
(86, 769, 'Pendidikan Agama', 73.0, 95.0, 90.0, 77.0, 83.8),
(86, 770, 'PKN', 92.0, 73.0, 79.0, 94.0, 84.5),
(86, 771, 'Produktif Kejuruan', 85.0, 83.0, 86.0, 82.0, 84.0),
(86, 772, 'Olahraga', 79.0, 70.0, 89.0, 88.0, 81.5),
(86, 773, 'Seni Budaya', 95.0, 86.0, 91.0, 78.0, 87.5),
(86, 774, 'Sejarah', 85.0, 89.0, 90.0, 85.0, 87.2),
(87, 775, 'Matematika', 92.0, 86.0, 91.0, 88.0, 89.2),
(87, 776, 'Bahasa Indonesia', 83.0, 91.0, 83.0, 82.0, 84.8),
(87, 777, 'Bahasa Inggris', 81.0, 83.0, 72.0, 85.0, 80.2),
(87, 778, 'Pendidikan Agama', 95.0, 86.0, 82.0, 72.0, 83.8),
(87, 779, 'PKN', 75.0, 94.0, 93.0, 79.0, 85.2),
(87, 780, 'Produktif Kejuruan', 71.0, 71.0, 85.0, 87.0, 78.5),
(87, 781, 'Olahraga', 89.0, 76.0, 80.0, 76.0, 80.2),
(87, 782, 'Seni Budaya', 72.0, 79.0, 77.0, 73.0, 75.2),
(87, 783, 'Sejarah', 88.0, 72.0, 95.0, 93.0, 87.0),
(88, 784, 'Matematika', 79.0, 94.0, 88.0, 83.0, 86.0),
(88, 785, 'Bahasa Indonesia', 74.0, 70.0, 86.0, 82.0, 78.0),
(88, 786, 'Bahasa Inggris', 94.0, 92.0, 95.0, 72.0, 88.2),
(88, 787, 'Pendidikan Agama', 87.0, 77.0, 88.0, 76.0, 82.0),
(88, 788, 'PKN', 94.0, 95.0, 73.0, 89.0, 87.8),
(88, 789, 'Produktif Kejuruan', 79.0, 85.0, 90.0, 85.0, 84.8),
(88, 790, 'Olahraga', 72.0, 84.0, 81.0, 70.0, 76.8),
(88, 791, 'Seni Budaya', 77.0, 94.0, 75.0, 94.0, 85.0),
(88, 792, 'Sejarah', 93.0, 71.0, 78.0, 89.0, 82.8),
(89, 793, 'Matematika', 86.0, 82.0, 92.0, 73.0, 83.2),
(89, 794, 'Bahasa Indonesia', 79.0, 78.0, 95.0, 89.0, 85.2),
(89, 795, 'Bahasa Inggris', 91.0, 81.0, 80.0, 71.0, 80.8),
(89, 796, 'Pendidikan Agama', 75.0, 85.0, 84.0, 82.0, 81.5),
(89, 797, 'PKN', 85.0, 84.0, 88.0, 83.0, 85.0),
(89, 798, 'Produktif Kejuruan', 90.0, 70.0, 74.0, 73.0, 76.8),
(89, 799, 'Olahraga', 74.0, 86.0, 82.0, 94.0, 84.0),
(89, 800, 'Seni Budaya', 74.0, 81.0, 91.0, 86.0, 83.0),
(89, 801, 'Sejarah', 70.0, 79.0, 83.0, 77.0, 77.2),
(90, 802, 'Matematika', 73.0, 86.0, 73.0, 92.0, 81.0),
(90, 803, 'Bahasa Indonesia', 79.0, 93.0, 72.0, 76.0, 80.0),
(90, 804, 'Bahasa Inggris', 89.0, 87.0, 87.0, 89.0, 88.0),
(90, 805, 'Pendidikan Agama', 95.0, 79.0, 87.0, 79.0, 85.0),
(90, 806, 'PKN', 94.0, 90.0, 77.0, 94.0, 88.8),
(90, 807, 'Produktif Kejuruan', 91.0, 95.0, 90.0, 87.0, 90.8),
(90, 808, 'Olahraga', 76.0, 84.0, 82.0, 95.0, 84.2),
(90, 809, 'Seni Budaya', 82.0, 79.0, 88.0, 76.0, 81.2),
(90, 810, 'Sejarah', 92.0, 74.0, 91.0, 88.0, 86.2),
(91, 811, 'Matematika', 95.0, 71.0, 88.0, 79.0, 83.2),
(91, 812, 'Bahasa Indonesia', 89.0, 82.0, 75.0, 87.0, 83.2),
(91, 813, 'Bahasa Inggris', 70.0, 85.0, 86.0, 84.0, 81.2),
(91, 814, 'Pendidikan Agama', 86.0, 84.0, 84.0, 93.0, 86.8),
(91, 815, 'PKN', 78.0, 87.0, 95.0, 71.0, 82.8),
(91, 816, 'Produktif Kejuruan', 71.0, 74.0, 95.0, 78.0, 79.5),
(91, 817, 'Olahraga', 85.0, 94.0, 73.0, 79.0, 82.8),
(91, 818, 'Seni Budaya', 72.0, 70.0, 74.0, 76.0, 73.0),
(91, 819, 'Sejarah', 78.0, 77.0, 78.0, 83.0, 79.0),
(92, 820, 'Matematika', 95.0, 93.0, 74.0, 74.0, 84.0),
(92, 821, 'Bahasa Indonesia', 89.0, 93.0, 75.0, 81.0, 84.5),
(92, 822, 'Bahasa Inggris', 81.0, 90.0, 84.0, 86.0, 85.2),
(92, 823, 'Pendidikan Agama', 74.0, 77.0, 71.0, 82.0, 76.0),
(92, 824, 'PKN', 83.0, 73.0, 93.0, 92.0, 85.2),
(92, 825, 'Produktif Kejuruan', 78.0, 78.0, 94.0, 93.0, 85.8),
(92, 826, 'Olahraga', 71.0, 81.0, 80.0, 93.0, 81.2),
(92, 827, 'Seni Budaya', 82.0, 95.0, 74.0, 73.0, 81.0),
(92, 828, 'Sejarah', 73.0, 94.0, 87.0, 90.0, 86.0),
(93, 829, 'Matematika', 83.0, 80.0, 92.0, 86.0, 85.2),
(93, 830, 'Bahasa Indonesia', 92.0, 85.0, 78.0, 90.0, 86.2),
(93, 831, 'Bahasa Inggris', 94.0, 85.0, 87.0, 84.0, 87.5),
(93, 832, 'Pendidikan Agama', 79.0, 77.0, 75.0, 78.0, 77.2),
(93, 833, 'PKN', 84.0, 80.0, 72.0, 74.0, 77.5),
(93, 834, 'Produktif Kejuruan', 83.0, 85.0, 81.0, 83.0, 83.0),
(93, 835, 'Olahraga', 77.0, 80.0, 92.0, 85.0, 83.5),
(93, 836, 'Seni Budaya', 72.0, 78.0, 80.0, 74.0, 76.0),
(93, 837, 'Sejarah', 84.0, 93.0, 80.0, 73.0, 82.5),
(94, 838, 'Matematika', 72.0, 80.0, 80.0, 79.0, 77.8),
(94, 839, 'Bahasa Indonesia', 78.0, 77.0, 71.0, 87.0, 78.2),
(94, 840, 'Bahasa Inggris', 72.0, 70.0, 76.0, 70.0, 72.0),
(94, 841, 'Pendidikan Agama', 95.0, 79.0, 84.0, 91.0, 87.2),
(94, 842, 'PKN', 91.0, 76.0, 79.0, 82.0, 82.0),
(94, 843, 'Produktif Kejuruan', 93.0, 74.0, 92.0, 84.0, 85.8),
(94, 844, 'Olahraga', 71.0, 84.0, 75.0, 81.0, 77.8),
(94, 845, 'Seni Budaya', 92.0, 73.0, 77.0, 77.0, 79.8),
(94, 846, 'Sejarah', 84.0, 94.0, 78.0, 91.0, 86.8),
(95, 847, 'Matematika', 77.0, 74.0, 81.0, 89.0, 80.2),
(95, 848, 'Bahasa Indonesia', 87.0, 70.0, 92.0, 95.0, 86.0),
(95, 849, 'Bahasa Inggris', 86.0, 93.0, 75.0, 90.0, 86.0),
(95, 850, 'Pendidikan Agama', 75.0, 85.0, 93.0, 85.0, 84.5),
(95, 851, 'PKN', 89.0, 86.0, 79.0, 83.0, 84.2),
(95, 852, 'Produktif Kejuruan', 87.0, 73.0, 94.0, 91.0, 86.2),
(95, 853, 'Olahraga', 84.0, 92.0, 70.0, 90.0, 84.0),
(95, 854, 'Seni Budaya', 83.0, 88.0, 73.0, 72.0, 79.0),
(95, 855, 'Sejarah', 70.0, 81.0, 92.0, 95.0, 84.5),
(96, 856, 'Matematika', 82.0, 93.0, 94.0, 81.0, 87.5),
(96, 857, 'Bahasa Indonesia', 71.0, 70.0, 87.0, 82.0, 77.5),
(96, 858, 'Bahasa Inggris', 88.0, 75.0, 70.0, 79.0, 78.0),
(96, 859, 'Pendidikan Agama', 72.0, 93.0, 73.0, 84.0, 80.5),
(96, 860, 'PKN', 91.0, 92.0, 77.0, 85.0, 86.2),
(96, 861, 'Produktif Kejuruan', 74.0, 85.0, 77.0, 88.0, 81.0),
(96, 862, 'Olahraga', 78.0, 70.0, 80.0, 78.0, 76.5),
(96, 863, 'Seni Budaya', 78.0, 79.0, 79.0, 89.0, 81.2),
(96, 864, 'Sejarah', 90.0, 94.0, 88.0, 83.0, 88.8),
(97, 865, 'Matematika', 71.0, 70.0, 74.0, 76.0, 72.8),
(97, 866, 'Bahasa Indonesia', 80.0, 71.0, 78.0, 70.0, 74.8),
(97, 867, 'Bahasa Inggris', 89.0, 75.0, 81.0, 85.0, 82.5),
(97, 868, 'Pendidikan Agama', 86.0, 81.0, 89.0, 86.0, 85.5),
(97, 869, 'PKN', 82.0, 92.0, 70.0, 86.0, 82.5),
(97, 870, 'Produktif Kejuruan', 71.0, 86.0, 84.0, 91.0, 83.0),
(97, 871, 'Olahraga', 75.0, 85.0, 71.0, 78.0, 77.2),
(97, 872, 'Seni Budaya', 86.0, 76.0, 79.0, 71.0, 78.0),
(97, 873, 'Sejarah', 74.0, 91.0, 91.0, 74.0, 82.5),
(98, 874, 'Matematika', 85.0, 79.0, 86.0, 72.0, 80.5),
(98, 875, 'Bahasa Indonesia', 72.0, 83.0, 91.0, 75.0, 80.2),
(98, 876, 'Bahasa Inggris', 88.0, 95.0, 81.0, 94.0, 89.5),
(98, 877, 'Pendidikan Agama', 94.0, 87.0, 80.0, 82.0, 85.8),
(98, 878, 'PKN', 93.0, 72.0, 79.0, 93.0, 84.2),
(98, 879, 'Produktif Kejuruan', 85.0, 90.0, 92.0, 72.0, 84.8),
(98, 880, 'Olahraga', 73.0, 83.0, 88.0, 80.0, 81.0),
(98, 881, 'Seni Budaya', 71.0, 72.0, 82.0, 86.0, 77.8),
(98, 882, 'Sejarah', 87.0, 83.0, 70.0, 77.0, 79.2),
(99, 883, 'Matematika', 85.0, 74.0, 70.0, 86.0, 78.8),
(99, 884, 'Bahasa Indonesia', 79.0, 73.0, 81.0, 92.0, 81.2),
(99, 885, 'Bahasa Inggris', 85.0, 89.0, 94.0, 73.0, 85.2),
(99, 886, 'Pendidikan Agama', 93.0, 89.0, 95.0, 75.0, 88.0),
(99, 887, 'PKN', 85.0, 80.0, 88.0, 86.0, 84.8),
(99, 888, 'Produktif Kejuruan', 81.0, 82.0, 85.0, 84.0, 83.0),
(99, 889, 'Olahraga', 82.0, 73.0, 83.0, 71.0, 77.2),
(99, 890, 'Seni Budaya', 70.0, 80.0, 90.0, 81.0, 80.2),
(99, 891, 'Sejarah', 85.0, 70.0, 73.0, 88.0, 79.0),
(100, 892, 'Matematika', 73.0, 76.0, 93.0, 84.0, 81.5),
(100, 893, 'Bahasa Indonesia', 73.0, 76.0, 95.0, 72.0, 79.0),
(100, 894, 'Bahasa Inggris', 78.0, 70.0, 86.0, 81.0, 78.8),
(100, 895, 'Pendidikan Agama', 86.0, 80.0, 94.0, 95.0, 88.8),
(100, 896, 'PKN', 80.0, 86.0, 70.0, 90.0, 81.5),
(100, 897, 'Produktif Kejuruan', 76.0, 75.0, 89.0, 87.0, 81.8),
(100, 898, 'Olahraga', 89.0, 76.0, 81.0, 76.0, 80.5),
(100, 899, 'Seni Budaya', 81.0, 76.0, 86.0, 77.0, 80.0),
(100, 900, 'Sejarah', 76.0, 85.0, 81.0, 94.0, 84.0),
(101, 901, 'Matematika', 95.0, 88.0, 81.0, 86.0, 87.5),
(101, 902, 'Bahasa Indonesia', 74.0, 88.0, 73.0, 91.0, 81.5),
(101, 903, 'Bahasa Inggris', 90.0, 81.0, 79.0, 85.0, 83.8),
(101, 904, 'Pendidikan Agama', 78.0, 87.0, 76.0, 93.0, 83.5),
(101, 905, 'PKN', 90.0, 88.0, 81.0, 74.0, 83.2),
(101, 906, 'Produktif Kejuruan', 77.0, 86.0, 72.0, 83.0, 79.5),
(101, 907, 'Olahraga', 87.0, 79.0, 84.0, 91.0, 85.2),
(101, 908, 'Seni Budaya', 75.0, 80.0, 76.0, 88.0, 79.8),
(101, 909, 'Sejarah', 88.0, 91.0, 94.0, 94.0, 91.8),
(102, 910, 'Matematika', 71.0, 75.0, 92.0, 89.0, 81.8),
(102, 911, 'Bahasa Indonesia', 93.0, 88.0, 78.0, 80.0, 84.8),
(102, 912, 'Bahasa Inggris', 90.0, 92.0, 89.0, 72.0, 85.8),
(102, 913, 'Pendidikan Agama', 92.0, 87.0, 86.0, 82.0, 86.8),
(102, 914, 'PKN', 82.0, 86.0, 73.0, 76.0, 79.2),
(102, 915, 'Produktif Kejuruan', 95.0, 91.0, 77.0, 88.0, 87.8),
(102, 916, 'Olahraga', 89.0, 84.0, 91.0, 72.0, 84.0),
(102, 917, 'Seni Budaya', 90.0, 91.0, 82.0, 86.0, 87.2),
(102, 918, 'Sejarah', 92.0, 94.0, 79.0, 87.0, 88.0);
INSERT INTO `daftar_nilai` (`id_siswa`, `id`, `mata_pelajaran`, `nilai_harian`, `nilai_uh`, `nilai_uts`, `nilai_uas`, `nilai_akhir`) VALUES
(103, 919, 'Matematika', 71.0, 91.0, 80.0, 94.0, 84.0),
(103, 920, 'Bahasa Indonesia', 84.0, 82.0, 70.0, 79.0, 78.8),
(103, 921, 'Bahasa Inggris', 89.0, 75.0, 88.0, 81.0, 83.2),
(103, 922, 'Pendidikan Agama', 91.0, 82.0, 87.0, 70.0, 82.5),
(103, 923, 'PKN', 83.0, 72.0, 71.0, 90.0, 79.0),
(103, 924, 'Produktif Kejuruan', 88.0, 79.0, 82.0, 93.0, 85.5),
(103, 925, 'Olahraga', 88.0, 73.0, 86.0, 78.0, 81.2),
(103, 926, 'Seni Budaya', 84.0, 80.0, 85.0, 95.0, 86.0),
(103, 927, 'Sejarah', 74.0, 93.0, 89.0, 86.0, 85.5),
(104, 928, 'Matematika', 90.0, 91.0, 73.0, 82.0, 84.0),
(104, 929, 'Bahasa Indonesia', 76.0, 89.0, 89.0, 94.0, 87.0),
(104, 930, 'Bahasa Inggris', 88.0, 90.0, 74.0, 87.0, 84.8),
(104, 931, 'Pendidikan Agama', 73.0, 72.0, 91.0, 92.0, 82.0),
(104, 932, 'PKN', 76.0, 91.0, 84.0, 85.0, 84.0),
(104, 933, 'Produktif Kejuruan', 80.0, 88.0, 72.0, 84.0, 81.0),
(104, 934, 'Olahraga', 86.0, 78.0, 79.0, 88.0, 82.8),
(104, 935, 'Seni Budaya', 93.0, 72.0, 87.0, 88.0, 85.0),
(104, 936, 'Sejarah', 91.0, 76.0, 72.0, 85.0, 81.0),
(105, 937, 'Matematika', 79.0, 95.0, 83.0, 76.0, 83.2),
(105, 938, 'Bahasa Indonesia', 77.0, 74.0, 84.0, 78.0, 78.2),
(105, 939, 'Bahasa Inggris', 81.0, 75.0, 76.0, 91.0, 80.8),
(105, 940, 'Pendidikan Agama', 75.0, 73.0, 93.0, 79.0, 80.0),
(105, 941, 'PKN', 74.0, 74.0, 85.0, 92.0, 81.2),
(105, 942, 'Produktif Kejuruan', 93.0, 86.0, 87.0, 70.0, 84.0),
(105, 943, 'Olahraga', 87.0, 78.0, 93.0, 70.0, 82.0),
(105, 944, 'Seni Budaya', 79.0, 71.0, 74.0, 92.0, 79.0),
(105, 945, 'Sejarah', 82.0, 80.0, 77.0, 92.0, 82.8),
(106, 946, 'Matematika', 86.0, 81.0, 81.0, 83.0, 82.8),
(106, 947, 'Bahasa Indonesia', 95.0, 80.0, 83.0, 86.0, 86.0),
(106, 948, 'Bahasa Inggris', 74.0, 91.0, 88.0, 91.0, 86.0),
(106, 949, 'Pendidikan Agama', 75.0, 87.0, 86.0, 90.0, 84.5),
(106, 950, 'PKN', 86.0, 90.0, 80.0, 92.0, 87.0),
(106, 951, 'Produktif Kejuruan', 94.0, 94.0, 90.0, 70.0, 87.0),
(106, 952, 'Olahraga', 89.0, 84.0, 75.0, 79.0, 81.8),
(106, 953, 'Seni Budaya', 87.0, 86.0, 92.0, 72.0, 84.2),
(106, 954, 'Sejarah', 73.0, 87.0, 75.0, 86.0, 80.2),
(107, 955, 'Matematika', 93.0, 79.0, 93.0, 88.0, 88.2),
(107, 956, 'Bahasa Indonesia', 77.0, 85.0, 83.0, 71.0, 79.0),
(107, 957, 'Bahasa Inggris', 85.0, 86.0, 74.0, 85.0, 82.5),
(107, 958, 'Pendidikan Agama', 82.0, 88.0, 93.0, 82.0, 86.2),
(107, 959, 'PKN', 93.0, 81.0, 95.0, 78.0, 86.8),
(107, 960, 'Produktif Kejuruan', 77.0, 86.0, 91.0, 77.0, 82.8),
(107, 961, 'Olahraga', 73.0, 91.0, 89.0, 92.0, 86.2),
(107, 962, 'Seni Budaya', 87.0, 91.0, 91.0, 85.0, 88.5),
(107, 963, 'Sejarah', 90.0, 80.0, 70.0, 81.0, 80.2),
(108, 964, 'Matematika', 87.0, 86.0, 84.0, 84.0, 85.2),
(108, 965, 'Bahasa Indonesia', 95.0, 72.0, 87.0, 76.0, 82.5),
(108, 966, 'Bahasa Inggris', 74.0, 77.0, 95.0, 80.0, 81.5),
(108, 967, 'Pendidikan Agama', 74.0, 95.0, 78.0, 89.0, 84.0),
(108, 968, 'PKN', 84.0, 84.0, 88.0, 87.0, 85.8),
(108, 969, 'Produktif Kejuruan', 87.0, 84.0, 73.0, 83.0, 81.8),
(108, 970, 'Olahraga', 95.0, 80.0, 74.0, 95.0, 86.0),
(108, 971, 'Seni Budaya', 90.0, 79.0, 85.0, 91.0, 86.2),
(108, 972, 'Sejarah', 84.0, 89.0, 88.0, 71.0, 83.0),
(109, 973, 'Matematika', 85.0, 78.0, 79.0, 84.0, 81.5),
(109, 974, 'Bahasa Indonesia', 78.0, 92.0, 83.0, 72.0, 81.2),
(109, 975, 'Bahasa Inggris', 83.0, 82.0, 91.0, 86.0, 85.5),
(109, 976, 'Pendidikan Agama', 86.0, 70.0, 89.0, 80.0, 81.2),
(109, 977, 'PKN', 74.0, 74.0, 74.0, 82.0, 76.0),
(109, 978, 'Produktif Kejuruan', 71.0, 80.0, 80.0, 76.0, 76.8),
(109, 979, 'Olahraga', 74.0, 80.0, 72.0, 71.0, 74.2),
(109, 980, 'Seni Budaya', 80.0, 70.0, 94.0, 88.0, 83.0),
(109, 981, 'Sejarah', 85.0, 87.0, 94.0, 76.0, 85.5),
(110, 982, 'Matematika', 94.0, 78.0, 81.0, 82.0, 83.8),
(110, 983, 'Bahasa Indonesia', 70.0, 86.0, 82.0, 90.0, 82.0),
(110, 984, 'Bahasa Inggris', 76.0, 91.0, 73.0, 95.0, 83.8),
(110, 985, 'Pendidikan Agama', 75.0, 79.0, 70.0, 86.0, 77.5),
(110, 986, 'PKN', 93.0, 70.0, 84.0, 70.0, 79.2),
(110, 987, 'Produktif Kejuruan', 89.0, 79.0, 81.0, 80.0, 82.2),
(110, 988, 'Olahraga', 84.0, 81.0, 90.0, 87.0, 85.5),
(110, 989, 'Seni Budaya', 76.0, 91.0, 88.0, 77.0, 83.0),
(110, 990, 'Sejarah', 71.0, 72.0, 87.0, 70.0, 75.0),
(111, 991, 'Matematika', 80.0, 75.0, 77.0, 87.0, 79.8),
(111, 992, 'Bahasa Indonesia', 80.0, 72.0, 85.0, 75.0, 78.0),
(111, 993, 'Bahasa Inggris', 89.0, 77.0, 78.0, 78.0, 80.5),
(111, 994, 'Pendidikan Agama', 82.0, 94.0, 72.0, 94.0, 85.5),
(111, 995, 'PKN', 90.0, 82.0, 83.0, 75.0, 82.5),
(111, 996, 'Produktif Kejuruan', 73.0, 80.0, 95.0, 85.0, 83.2),
(111, 997, 'Olahraga', 79.0, 86.0, 76.0, 84.0, 81.2),
(111, 998, 'Seni Budaya', 88.0, 71.0, 89.0, 85.0, 83.2),
(111, 999, 'Sejarah', 89.0, 74.0, 90.0, 78.0, 82.8),
(112, 1000, 'Matematika', 80.0, 78.0, 88.0, 70.0, 79.0),
(112, 1001, 'Bahasa Indonesia', 78.0, 78.0, 81.0, 73.0, 77.5),
(112, 1002, 'Bahasa Inggris', 74.0, 73.0, 91.0, 79.0, 79.2),
(112, 1003, 'Pendidikan Agama', 89.0, 88.0, 85.0, 93.0, 88.8),
(112, 1004, 'PKN', 91.0, 89.0, 75.0, 89.0, 86.0),
(112, 1005, 'Produktif Kejuruan', 92.0, 79.0, 86.0, 80.0, 84.2),
(112, 1006, 'Olahraga', 95.0, 81.0, 92.0, 95.0, 90.8),
(112, 1007, 'Seni Budaya', 72.0, 91.0, 73.0, 73.0, 77.2),
(112, 1008, 'Sejarah', 70.0, 92.0, 85.0, 77.0, 81.0),
(113, 1009, 'Matematika', 91.0, 73.0, 81.0, 87.0, 83.0),
(113, 1010, 'Bahasa Indonesia', 78.0, 87.0, 75.0, 90.0, 82.5),
(113, 1011, 'Bahasa Inggris', 94.0, 92.0, 77.0, 79.0, 85.5),
(113, 1012, 'Pendidikan Agama', 79.0, 76.0, 73.0, 87.0, 78.8),
(113, 1013, 'PKN', 84.0, 85.0, 95.0, 82.0, 86.5),
(113, 1014, 'Produktif Kejuruan', 71.0, 74.0, 80.0, 92.0, 79.2),
(113, 1015, 'Olahraga', 80.0, 76.0, 72.0, 82.0, 77.5),
(113, 1016, 'Seni Budaya', 85.0, 71.0, 70.0, 89.0, 78.8),
(113, 1017, 'Sejarah', 78.0, 75.0, 94.0, 92.0, 84.8),
(114, 1018, 'Matematika', 77.0, 81.0, 75.0, 92.0, 81.2),
(114, 1019, 'Bahasa Indonesia', 73.0, 78.0, 91.0, 73.0, 78.8),
(114, 1020, 'Bahasa Inggris', 85.0, 84.0, 84.0, 86.0, 84.8),
(114, 1021, 'Pendidikan Agama', 70.0, 77.0, 94.0, 90.0, 82.8),
(114, 1022, 'PKN', 75.0, 91.0, 75.0, 91.0, 83.0),
(114, 1023, 'Produktif Kejuruan', 89.0, 78.0, 71.0, 86.0, 81.0),
(114, 1024, 'Olahraga', 70.0, 93.0, 77.0, 75.0, 78.8),
(114, 1025, 'Seni Budaya', 74.0, 73.0, 93.0, 81.0, 80.2),
(114, 1026, 'Sejarah', 73.0, 84.0, 75.0, 73.0, 76.2),
(115, 1027, 'Matematika', 82.0, 91.0, 76.0, 79.0, 82.0),
(115, 1028, 'Bahasa Indonesia', 88.0, 81.0, 92.0, 71.0, 83.0),
(115, 1029, 'Bahasa Inggris', 80.0, 87.0, 81.0, 73.0, 80.2),
(115, 1030, 'Pendidikan Agama', 75.0, 88.0, 90.0, 73.0, 81.5),
(115, 1031, 'PKN', 94.0, 86.0, 85.0, 89.0, 88.5),
(115, 1032, 'Produktif Kejuruan', 82.0, 92.0, 85.0, 77.0, 84.0),
(115, 1033, 'Olahraga', 72.0, 87.0, 92.0, 93.0, 86.0),
(115, 1034, 'Seni Budaya', 91.0, 74.0, 70.0, 88.0, 80.8),
(115, 1035, 'Sejarah', 70.0, 92.0, 93.0, 94.0, 87.2),
(116, 1036, 'Matematika', 90.0, 81.0, 80.0, 72.0, 80.8),
(116, 1037, 'Bahasa Indonesia', 74.0, 83.0, 77.0, 89.0, 80.8),
(116, 1038, 'Bahasa Inggris', 84.0, 75.0, 85.0, 88.0, 83.0),
(116, 1039, 'Pendidikan Agama', 70.0, 74.0, 75.0, 91.0, 77.5),
(116, 1040, 'PKN', 85.0, 76.0, 88.0, 73.0, 80.5),
(116, 1041, 'Produktif Kejuruan', 94.0, 72.0, 77.0, 79.0, 80.5),
(116, 1042, 'Olahraga', 94.0, 70.0, 93.0, 78.0, 83.8),
(116, 1043, 'Seni Budaya', 75.0, 83.0, 81.0, 88.0, 81.8),
(116, 1044, 'Sejarah', 71.0, 85.0, 74.0, 82.0, 78.0),
(117, 1045, 'Matematika', 72.0, 70.0, 94.0, 92.0, 82.0),
(117, 1046, 'Bahasa Indonesia', 78.0, 74.0, 77.0, 93.0, 80.5),
(117, 1047, 'Bahasa Inggris', 73.0, 78.0, 91.0, 79.0, 80.2),
(117, 1048, 'Pendidikan Agama', 89.0, 87.0, 83.0, 91.0, 87.5),
(117, 1049, 'PKN', 81.0, 81.0, 74.0, 89.0, 81.2),
(117, 1050, 'Produktif Kejuruan', 71.0, 74.0, 76.0, 77.0, 74.5),
(117, 1051, 'Olahraga', 74.0, 87.0, 92.0, 85.0, 84.5),
(117, 1052, 'Seni Budaya', 75.0, 90.0, 73.0, 73.0, 77.8),
(117, 1053, 'Sejarah', 83.0, 77.0, 83.0, 76.0, 79.8),
(118, 1054, 'Matematika', 83.0, 81.0, 71.0, 81.0, 79.0),
(118, 1055, 'Bahasa Indonesia', 76.0, 73.0, 87.0, 82.0, 79.5),
(118, 1056, 'Bahasa Inggris', 91.0, 88.0, 86.0, 78.0, 85.8),
(118, 1057, 'Pendidikan Agama', 90.0, 70.0, 73.0, 88.0, 80.2),
(118, 1058, 'PKN', 91.0, 71.0, 70.0, 94.0, 81.5),
(118, 1059, 'Produktif Kejuruan', 72.0, 87.0, 89.0, 74.0, 80.5),
(118, 1060, 'Olahraga', 71.0, 76.0, 84.0, 72.0, 75.8),
(118, 1061, 'Seni Budaya', 95.0, 91.0, 82.0, 81.0, 87.2),
(118, 1062, 'Sejarah', 76.0, 89.0, 77.0, 76.0, 79.5),
(119, 1063, 'Matematika', 91.0, 76.0, 84.0, 79.0, 82.5),
(119, 1064, 'Bahasa Indonesia', 83.0, 75.0, 73.0, 83.0, 78.5),
(119, 1065, 'Bahasa Inggris', 84.0, 95.0, 93.0, 78.0, 87.5),
(119, 1066, 'Pendidikan Agama', 91.0, 85.0, 91.0, 84.0, 87.8),
(119, 1067, 'PKN', 75.0, 82.0, 94.0, 70.0, 80.2),
(119, 1068, 'Produktif Kejuruan', 92.0, 70.0, 82.0, 86.0, 82.5),
(119, 1069, 'Olahraga', 90.0, 92.0, 73.0, 75.0, 82.5),
(119, 1070, 'Seni Budaya', 95.0, 87.0, 74.0, 90.0, 86.5),
(119, 1071, 'Sejarah', 89.0, 86.0, 82.0, 85.0, 85.5),
(120, 1072, 'Matematika', 71.0, 88.0, 82.0, 86.0, 81.8),
(120, 1073, 'Bahasa Indonesia', 95.0, 94.0, 76.0, 90.0, 88.8),
(120, 1074, 'Bahasa Inggris', 86.0, 81.0, 70.0, 91.0, 82.0),
(120, 1075, 'Pendidikan Agama', 80.0, 90.0, 79.0, 80.0, 82.2),
(120, 1076, 'PKN', 86.0, 81.0, 76.0, 92.0, 83.8),
(120, 1077, 'Produktif Kejuruan', 70.0, 93.0, 80.0, 75.0, 79.5),
(120, 1078, 'Olahraga', 78.0, 93.0, 73.0, 83.0, 81.8),
(120, 1079, 'Seni Budaya', 78.0, 82.0, 71.0, 82.0, 78.2),
(120, 1080, 'Sejarah', 82.0, 71.0, 72.0, 70.0, 73.8),
(121, 1081, 'Matematika', 87.0, 80.0, 85.0, 80.0, 83.0),
(121, 1082, 'Bahasa Indonesia', 80.0, 73.0, 76.0, 95.0, 81.0),
(121, 1083, 'Bahasa Inggris', 81.0, 83.0, 80.0, 85.0, 82.2),
(121, 1084, 'Pendidikan Agama', 86.0, 90.0, 70.0, 94.0, 85.0),
(121, 1085, 'PKN', 73.0, 89.0, 70.0, 75.0, 76.8),
(121, 1086, 'Produktif Kejuruan', 74.0, 83.0, 78.0, 85.0, 80.0),
(121, 1087, 'Olahraga', 78.0, 91.0, 90.0, 95.0, 88.5),
(121, 1088, 'Seni Budaya', 89.0, 89.0, 88.0, 72.0, 84.5),
(121, 1089, 'Sejarah', 89.0, 89.0, 90.0, 87.0, 88.8),
(122, 1090, 'Matematika', 91.0, 86.0, 87.0, 92.0, 89.0),
(122, 1091, 'Bahasa Indonesia', 78.0, 92.0, 73.0, 79.0, 80.5),
(122, 1092, 'Bahasa Inggris', 87.0, 86.0, 87.0, 73.0, 83.2),
(122, 1093, 'Pendidikan Agama', 82.0, 94.0, 83.0, 85.0, 86.0),
(122, 1094, 'PKN', 85.0, 81.0, 86.0, 84.0, 84.0),
(122, 1095, 'Produktif Kejuruan', 70.0, 70.0, 95.0, 93.0, 82.0),
(122, 1096, 'Olahraga', 79.0, 84.0, 75.0, 89.0, 81.8),
(122, 1097, 'Seni Budaya', 72.0, 81.0, 93.0, 95.0, 85.2),
(122, 1098, 'Sejarah', 89.0, 79.0, 80.0, 80.0, 82.0),
(123, 1099, 'Matematika', 82.0, 71.0, 80.0, 90.0, 80.8),
(123, 1100, 'Bahasa Indonesia', 94.0, 82.0, 81.0, 93.0, 87.5),
(123, 1101, 'Bahasa Inggris', 79.0, 82.0, 88.0, 81.0, 82.5),
(123, 1102, 'Pendidikan Agama', 77.0, 74.0, 87.0, 91.0, 82.2),
(123, 1103, 'PKN', 94.0, 84.0, 95.0, 72.0, 86.2),
(123, 1104, 'Produktif Kejuruan', 89.0, 88.0, 80.0, 74.0, 82.8),
(123, 1105, 'Olahraga', 85.0, 90.0, 77.0, 91.0, 85.8),
(123, 1106, 'Seni Budaya', 79.0, 92.0, 74.0, 81.0, 81.5),
(123, 1107, 'Sejarah', 75.0, 94.0, 93.0, 72.0, 83.5),
(124, 1108, 'Matematika', 90.0, 86.0, 84.0, 71.0, 82.8),
(124, 1109, 'Bahasa Indonesia', 83.0, 80.0, 82.0, 83.0, 82.0),
(124, 1110, 'Bahasa Inggris', 82.0, 89.0, 92.0, 81.0, 86.0),
(124, 1111, 'Pendidikan Agama', 73.0, 88.0, 88.0, 91.0, 85.0),
(124, 1112, 'PKN', 89.0, 76.0, 77.0, 83.0, 81.2),
(124, 1113, 'Produktif Kejuruan', 91.0, 86.0, 86.0, 82.0, 86.2),
(124, 1114, 'Olahraga', 89.0, 92.0, 73.0, 79.0, 83.2),
(124, 1115, 'Seni Budaya', 75.0, 92.0, 90.0, 84.0, 85.2),
(124, 1116, 'Sejarah', 94.0, 85.0, 73.0, 81.0, 83.2),
(125, 1117, 'Matematika', 84.0, 76.0, 72.0, 70.0, 75.5),
(125, 1118, 'Bahasa Indonesia', 94.0, 91.0, 90.0, 85.0, 90.0),
(125, 1119, 'Bahasa Inggris', 86.0, 89.0, 71.0, 78.0, 81.0),
(125, 1120, 'Pendidikan Agama', 76.0, 85.0, 95.0, 80.0, 84.0),
(125, 1121, 'PKN', 71.0, 90.0, 82.0, 71.0, 78.5),
(125, 1122, 'Produktif Kejuruan', 76.0, 83.0, 87.0, 84.0, 82.5),
(125, 1123, 'Olahraga', 81.0, 80.0, 81.0, 75.0, 79.2),
(125, 1124, 'Seni Budaya', 82.0, 91.0, 78.0, 82.0, 83.2),
(125, 1125, 'Sejarah', 74.0, 87.0, 77.0, 79.0, 79.2),
(126, 1126, 'Matematika', 72.0, 93.0, 75.0, 76.0, 79.0),
(126, 1127, 'Bahasa Indonesia', 83.0, 91.0, 89.0, 92.0, 88.8),
(126, 1128, 'Bahasa Inggris', 73.0, 91.0, 81.0, 94.0, 84.8),
(126, 1129, 'Pendidikan Agama', 85.0, 74.0, 75.0, 76.0, 77.5),
(126, 1130, 'PKN', 88.0, 86.0, 87.0, 77.0, 84.5),
(126, 1131, 'Produktif Kejuruan', 76.0, 91.0, 71.0, 95.0, 83.2),
(126, 1132, 'Olahraga', 95.0, 79.0, 90.0, 82.0, 86.5),
(126, 1133, 'Seni Budaya', 84.0, 77.0, 76.0, 71.0, 77.0),
(126, 1134, 'Sejarah', 77.0, 86.0, 73.0, 85.0, 80.2),
(127, 1135, 'Matematika', 75.0, 71.0, 81.0, 77.0, 76.0),
(127, 1136, 'Bahasa Indonesia', 92.0, 79.0, 80.0, 73.0, 81.0),
(127, 1137, 'Bahasa Inggris', 77.0, 70.0, 73.0, 95.0, 78.8),
(127, 1138, 'Pendidikan Agama', 89.0, 76.0, 74.0, 90.0, 82.2),
(127, 1139, 'PKN', 78.0, 90.0, 71.0, 80.0, 79.8),
(127, 1140, 'Produktif Kejuruan', 72.0, 87.0, 79.0, 77.0, 78.8),
(127, 1141, 'Olahraga', 76.0, 86.0, 87.0, 83.0, 83.0),
(127, 1142, 'Seni Budaya', 86.0, 76.0, 91.0, 82.0, 83.8),
(127, 1143, 'Sejarah', 88.0, 90.0, 81.0, 94.0, 88.2),
(128, 1144, 'Matematika', 87.0, 85.0, 92.0, 76.0, 85.0),
(128, 1145, 'Bahasa Indonesia', 88.0, 72.0, 73.0, 87.0, 80.0),
(128, 1146, 'Bahasa Inggris', 77.0, 86.0, 77.0, 74.0, 78.5),
(128, 1147, 'Pendidikan Agama', 70.0, 87.0, 90.0, 78.0, 81.2),
(128, 1148, 'PKN', 95.0, 87.0, 91.0, 90.0, 90.8),
(128, 1149, 'Produktif Kejuruan', 70.0, 91.0, 70.0, 71.0, 75.5),
(128, 1150, 'Olahraga', 92.0, 88.0, 80.0, 72.0, 83.0),
(128, 1151, 'Seni Budaya', 89.0, 77.0, 92.0, 83.0, 85.2),
(128, 1152, 'Sejarah', 92.0, 84.0, 73.0, 93.0, 85.5),
(129, 1153, 'Matematika', 70.0, 82.0, 75.0, 83.0, 77.5),
(129, 1154, 'Bahasa Indonesia', 83.0, 88.0, 74.0, 88.0, 83.2),
(129, 1155, 'Bahasa Inggris', 76.0, 91.0, 80.0, 84.0, 82.8),
(129, 1156, 'Pendidikan Agama', 91.0, 70.0, 83.0, 86.0, 82.5),
(129, 1157, 'PKN', 90.0, 86.0, 93.0, 95.0, 91.0),
(129, 1158, 'Produktif Kejuruan', 76.0, 82.0, 87.0, 89.0, 83.5),
(129, 1159, 'Olahraga', 73.0, 93.0, 71.0, 79.0, 79.0),
(129, 1160, 'Seni Budaya', 88.0, 77.0, 89.0, 77.0, 82.8),
(129, 1161, 'Sejarah', 89.0, 88.0, 81.0, 85.0, 85.8),
(130, 1162, 'Matematika', 77.0, 78.0, 76.0, 95.0, 81.5),
(130, 1163, 'Bahasa Indonesia', 77.0, 72.0, 78.0, 78.0, 76.2),
(130, 1164, 'Bahasa Inggris', 75.0, 90.0, 79.0, 83.0, 81.8),
(130, 1165, 'Pendidikan Agama', 88.0, 70.0, 80.0, 86.0, 81.0),
(130, 1166, 'PKN', 86.0, 71.0, 90.0, 75.0, 80.5),
(130, 1167, 'Produktif Kejuruan', 95.0, 93.0, 88.0, 75.0, 87.8),
(130, 1168, 'Olahraga', 80.0, 77.0, 84.0, 72.0, 78.2),
(130, 1169, 'Seni Budaya', 95.0, 82.0, 93.0, 85.0, 88.8),
(130, 1170, 'Sejarah', 76.0, 80.0, 82.0, 79.0, 79.2),
(131, 1171, 'Matematika', 83.0, 94.0, 94.0, 86.0, 89.2),
(131, 1172, 'Bahasa Indonesia', 86.0, 80.0, 88.0, 72.0, 81.5),
(131, 1173, 'Bahasa Inggris', 79.0, 71.0, 82.0, 93.0, 81.2),
(131, 1174, 'Pendidikan Agama', 80.0, 78.0, 72.0, 72.0, 75.5),
(131, 1175, 'PKN', 74.0, 86.0, 82.0, 92.0, 83.5),
(131, 1176, 'Produktif Kejuruan', 77.0, 86.0, 91.0, 84.0, 84.5),
(131, 1177, 'Olahraga', 90.0, 94.0, 85.0, 81.0, 87.5),
(131, 1178, 'Seni Budaya', 74.0, 77.0, 95.0, 87.0, 83.2),
(131, 1179, 'Sejarah', 73.0, 86.0, 81.0, 73.0, 78.2),
(132, 1180, 'Matematika', 92.0, 79.0, 88.0, 70.0, 82.2),
(132, 1181, 'Bahasa Indonesia', 81.0, 86.0, 70.0, 89.0, 81.5),
(132, 1182, 'Bahasa Inggris', 76.0, 94.0, 75.0, 73.0, 79.5),
(132, 1183, 'Pendidikan Agama', 90.0, 89.0, 70.0, 86.0, 83.8),
(132, 1184, 'PKN', 72.0, 90.0, 93.0, 88.0, 85.8),
(132, 1185, 'Produktif Kejuruan', 88.0, 77.0, 91.0, 95.0, 87.8),
(132, 1186, 'Olahraga', 93.0, 77.0, 76.0, 84.0, 82.5),
(132, 1187, 'Seni Budaya', 74.0, 95.0, 78.0, 82.0, 82.2),
(132, 1188, 'Sejarah', 94.0, 75.0, 79.0, 95.0, 85.8),
(133, 1189, 'Matematika', 72.0, 95.0, 88.0, 82.0, 84.2),
(133, 1190, 'Bahasa Indonesia', 75.0, 86.0, 89.0, 84.0, 83.5),
(133, 1191, 'Bahasa Inggris', 81.0, 88.0, 93.0, 90.0, 88.0),
(133, 1192, 'Pendidikan Agama', 79.0, 80.0, 89.0, 84.0, 83.0),
(133, 1193, 'PKN', 77.0, 85.0, 85.0, 93.0, 85.0),
(133, 1194, 'Produktif Kejuruan', 90.0, 71.0, 94.0, 82.0, 84.2),
(133, 1195, 'Olahraga', 94.0, 88.0, 85.0, 79.0, 86.5),
(133, 1196, 'Seni Budaya', 92.0, 70.0, 75.0, 71.0, 77.0),
(133, 1197, 'Sejarah', 88.0, 87.0, 89.0, 92.0, 89.0),
(134, 1198, 'Matematika', 92.0, 85.0, 78.0, 78.0, 83.2),
(134, 1199, 'Bahasa Indonesia', 89.0, 77.0, 75.0, 85.0, 81.5),
(134, 1200, 'Bahasa Inggris', 86.0, 70.0, 77.0, 76.0, 77.2),
(134, 1201, 'Pendidikan Agama', 83.0, 71.0, 79.0, 76.0, 77.2),
(134, 1202, 'PKN', 81.0, 87.0, 78.0, 73.0, 79.8),
(134, 1203, 'Produktif Kejuruan', 79.0, 79.0, 80.0, 81.0, 79.8),
(134, 1204, 'Olahraga', 81.0, 70.0, 82.0, 83.0, 79.0),
(134, 1205, 'Seni Budaya', 71.0, 83.0, 81.0, 81.0, 79.0),
(134, 1206, 'Sejarah', 93.0, 84.0, 92.0, 72.0, 85.2),
(135, 1207, 'Matematika', 77.0, 82.0, 86.0, 85.0, 82.5),
(135, 1208, 'Bahasa Indonesia', 83.0, 76.0, 87.0, 78.0, 81.0),
(135, 1209, 'Bahasa Inggris', 71.0, 70.0, 89.0, 84.0, 78.5),
(135, 1210, 'Pendidikan Agama', 94.0, 90.0, 81.0, 72.0, 84.2),
(135, 1211, 'PKN', 81.0, 88.0, 86.0, 75.0, 82.5),
(135, 1212, 'Produktif Kejuruan', 80.0, 88.0, 71.0, 73.0, 78.0),
(135, 1213, 'Olahraga', 73.0, 86.0, 95.0, 90.0, 86.0),
(135, 1214, 'Seni Budaya', 76.0, 76.0, 87.0, 85.0, 81.0),
(135, 1215, 'Sejarah', 92.0, 87.0, 92.0, 80.0, 87.8),
(136, 1216, 'Matematika', 71.0, 81.0, 92.0, 74.0, 79.5),
(136, 1217, 'Bahasa Indonesia', 72.0, 70.0, 79.0, 76.0, 74.2),
(136, 1218, 'Bahasa Inggris', 82.0, 81.0, 71.0, 84.0, 79.5),
(136, 1219, 'Pendidikan Agama', 85.0, 80.0, 94.0, 84.0, 85.8),
(136, 1220, 'PKN', 75.0, 93.0, 95.0, 78.0, 85.2),
(136, 1221, 'Produktif Kejuruan', 76.0, 77.0, 89.0, 77.0, 79.8),
(136, 1222, 'Olahraga', 92.0, 89.0, 73.0, 73.0, 81.8),
(136, 1223, 'Seni Budaya', 78.0, 78.0, 94.0, 72.0, 80.5),
(136, 1224, 'Sejarah', 79.0, 70.0, 72.0, 86.0, 76.8),
(137, 1225, 'Matematika', 94.0, 82.0, 90.0, 81.0, 86.8),
(137, 1226, 'Bahasa Indonesia', 83.0, 95.0, 74.0, 89.0, 85.2),
(137, 1227, 'Bahasa Inggris', 79.0, 93.0, 75.0, 86.0, 83.2),
(137, 1228, 'Pendidikan Agama', 71.0, 74.0, 81.0, 91.0, 79.2),
(137, 1229, 'PKN', 84.0, 84.0, 95.0, 79.0, 85.5),
(137, 1230, 'Produktif Kejuruan', 72.0, 79.0, 79.0, 77.0, 76.8),
(137, 1231, 'Olahraga', 72.0, 75.0, 83.0, 88.0, 79.5),
(137, 1232, 'Seni Budaya', 76.0, 72.0, 86.0, 78.0, 78.0),
(137, 1233, 'Sejarah', 72.0, 78.0, 74.0, 89.0, 78.2),
(138, 1234, 'Matematika', 81.0, 91.0, 90.0, 73.0, 83.8),
(138, 1235, 'Bahasa Indonesia', 90.0, 77.0, 75.0, 86.0, 82.0),
(138, 1236, 'Bahasa Inggris', 84.0, 90.0, 94.0, 89.0, 89.2),
(138, 1237, 'Pendidikan Agama', 70.0, 85.0, 93.0, 78.0, 81.5),
(138, 1238, 'PKN', 71.0, 81.0, 87.0, 81.0, 80.0),
(138, 1239, 'Produktif Kejuruan', 87.0, 85.0, 88.0, 71.0, 82.8),
(138, 1240, 'Olahraga', 91.0, 80.0, 79.0, 84.0, 83.5),
(138, 1241, 'Seni Budaya', 78.0, 82.0, 85.0, 89.0, 83.5),
(138, 1242, 'Sejarah', 73.0, 88.0, 72.0, 80.0, 78.2),
(139, 1243, 'Matematika', 79.0, 81.0, 70.0, 72.0, 75.5),
(139, 1244, 'Bahasa Indonesia', 75.0, 94.0, 72.0, 73.0, 78.5),
(139, 1245, 'Bahasa Inggris', 91.0, 95.0, 84.0, 94.0, 91.0),
(139, 1246, 'Pendidikan Agama', 88.0, 74.0, 86.0, 70.0, 79.5),
(139, 1247, 'PKN', 87.0, 77.0, 84.0, 75.0, 80.8),
(139, 1248, 'Produktif Kejuruan', 79.0, 78.0, 89.0, 83.0, 82.2),
(139, 1249, 'Olahraga', 88.0, 88.0, 87.0, 81.0, 86.0),
(139, 1250, 'Seni Budaya', 79.0, 94.0, 90.0, 84.0, 86.8),
(139, 1251, 'Sejarah', 73.0, 92.0, 82.0, 78.0, 81.2),
(140, 1252, 'Matematika', 82.0, 75.0, 81.0, 72.0, 77.5),
(140, 1253, 'Bahasa Indonesia', 71.0, 75.0, 82.0, 76.0, 76.0),
(140, 1254, 'Bahasa Inggris', 84.0, 71.0, 70.0, 77.0, 75.5),
(140, 1255, 'Pendidikan Agama', 73.0, 74.0, 85.0, 76.0, 77.0),
(140, 1256, 'PKN', 73.0, 81.0, 82.0, 72.0, 77.0),
(140, 1257, 'Produktif Kejuruan', 72.0, 80.0, 73.0, 94.0, 79.8),
(140, 1258, 'Olahraga', 76.0, 70.0, 73.0, 76.0, 73.8),
(140, 1259, 'Seni Budaya', 76.0, 72.0, 87.0, 82.0, 79.2),
(140, 1260, 'Sejarah', 80.0, 88.0, 79.0, 79.0, 81.5),
(141, 1261, 'Matematika', 72.0, 85.0, 95.0, 77.0, 82.2),
(141, 1262, 'Bahasa Indonesia', 92.0, 89.0, 91.0, 90.0, 90.5),
(141, 1263, 'Bahasa Inggris', 81.0, 83.0, 94.0, 89.0, 86.8),
(141, 1264, 'Pendidikan Agama', 80.0, 95.0, 77.0, 95.0, 86.8),
(141, 1265, 'PKN', 73.0, 74.0, 95.0, 90.0, 83.0),
(141, 1266, 'Produktif Kejuruan', 87.0, 72.0, 78.0, 95.0, 83.0),
(141, 1267, 'Olahraga', 86.0, 74.0, 86.0, 90.0, 84.0),
(141, 1268, 'Seni Budaya', 79.0, 95.0, 95.0, 74.0, 85.8),
(141, 1269, 'Sejarah', 91.0, 73.0, 90.0, 94.0, 87.0),
(142, 1270, 'Matematika', 88.0, 75.0, 86.0, 94.0, 85.8),
(142, 1271, 'Bahasa Indonesia', 80.0, 78.0, 83.0, 82.0, 80.8),
(142, 1272, 'Bahasa Inggris', 93.0, 87.0, 90.0, 73.0, 85.8),
(142, 1273, 'Pendidikan Agama', 76.0, 70.0, 74.0, 74.0, 73.5),
(142, 1274, 'PKN', 71.0, 75.0, 73.0, 89.0, 77.0),
(142, 1275, 'Produktif Kejuruan', 74.0, 74.0, 70.0, 87.0, 76.2),
(142, 1276, 'Olahraga', 87.0, 95.0, 92.0, 86.0, 90.0),
(142, 1277, 'Seni Budaya', 74.0, 89.0, 86.0, 75.0, 81.0),
(142, 1278, 'Sejarah', 83.0, 71.0, 84.0, 74.0, 78.0),
(143, 1279, 'Matematika', 80.0, 86.0, 80.0, 91.0, 84.2),
(143, 1280, 'Bahasa Indonesia', 78.0, 88.0, 81.0, 85.0, 83.0),
(143, 1281, 'Bahasa Inggris', 83.0, 88.0, 93.0, 91.0, 88.8),
(143, 1282, 'Pendidikan Agama', 74.0, 79.0, 76.0, 75.0, 76.0),
(143, 1283, 'PKN', 93.0, 89.0, 77.0, 78.0, 84.2),
(143, 1284, 'Produktif Kejuruan', 82.0, 86.0, 73.0, 88.0, 82.2),
(143, 1285, 'Olahraga', 90.0, 71.0, 94.0, 70.0, 81.2),
(143, 1286, 'Seni Budaya', 89.0, 76.0, 80.0, 77.0, 80.5),
(143, 1287, 'Sejarah', 81.0, 86.0, 81.0, 88.0, 84.0),
(144, 1288, 'Matematika', 82.0, 94.0, 75.0, 78.0, 82.2),
(144, 1289, 'Bahasa Indonesia', 77.0, 70.0, 73.0, 76.0, 74.0),
(144, 1290, 'Bahasa Inggris', 93.0, 75.0, 86.0, 73.0, 81.8),
(144, 1291, 'Pendidikan Agama', 80.0, 90.0, 79.0, 70.0, 79.8),
(144, 1292, 'PKN', 85.0, 93.0, 75.0, 82.0, 83.8),
(144, 1293, 'Produktif Kejuruan', 73.0, 79.0, 84.0, 95.0, 82.8),
(144, 1294, 'Olahraga', 79.0, 79.0, 81.0, 91.0, 82.5),
(144, 1295, 'Seni Budaya', 85.0, 88.0, 85.0, 77.0, 83.8),
(144, 1296, 'Sejarah', 77.0, 84.0, 71.0, 83.0, 78.8),
(145, 1297, 'Matematika', 83.0, 89.0, 78.0, 80.0, 82.5),
(145, 1298, 'Bahasa Indonesia', 85.0, 86.0, 77.0, 81.0, 82.2),
(145, 1299, 'Bahasa Inggris', 74.0, 78.0, 76.0, 75.0, 75.8),
(145, 1300, 'Pendidikan Agama', 72.0, 80.0, 95.0, 85.0, 83.0),
(145, 1301, 'PKN', 73.0, 83.0, 75.0, 77.0, 77.0),
(145, 1302, 'Produktif Kejuruan', 86.0, 73.0, 83.0, 70.0, 78.0),
(145, 1303, 'Olahraga', 72.0, 79.0, 92.0, 92.0, 83.8),
(145, 1304, 'Seni Budaya', 95.0, 82.0, 94.0, 80.0, 87.8),
(145, 1305, 'Sejarah', 73.0, 94.0, 84.0, 86.0, 84.2),
(146, 1306, 'Matematika', 91.0, 92.0, 78.0, 87.0, 87.0),
(146, 1307, 'Bahasa Indonesia', 90.0, 80.0, 90.0, 87.0, 86.8),
(146, 1308, 'Bahasa Inggris', 85.0, 82.0, 77.0, 80.0, 81.0),
(146, 1309, 'Pendidikan Agama', 92.0, 76.0, 78.0, 79.0, 81.2),
(146, 1310, 'PKN', 93.0, 78.0, 83.0, 77.0, 82.8),
(146, 1311, 'Produktif Kejuruan', 76.0, 91.0, 95.0, 78.0, 85.0),
(146, 1312, 'Olahraga', 90.0, 76.0, 81.0, 82.0, 82.2),
(146, 1313, 'Seni Budaya', 85.0, 74.0, 95.0, 77.0, 82.8),
(146, 1314, 'Sejarah', 91.0, 91.0, 90.0, 70.0, 85.5),
(147, 1315, 'Matematika', 93.0, 84.0, 70.0, 84.0, 82.8),
(147, 1316, 'Bahasa Indonesia', 80.0, 85.0, 80.0, 75.0, 80.0),
(147, 1317, 'Bahasa Inggris', 88.0, 87.0, 72.0, 87.0, 83.5),
(147, 1318, 'Pendidikan Agama', 73.0, 79.0, 92.0, 95.0, 84.8),
(147, 1319, 'PKN', 89.0, 86.0, 76.0, 84.0, 83.8),
(147, 1320, 'Produktif Kejuruan', 93.0, 93.0, 88.0, 90.0, 91.0),
(147, 1321, 'Olahraga', 77.0, 89.0, 83.0, 84.0, 83.2),
(147, 1322, 'Seni Budaya', 70.0, 74.0, 91.0, 71.0, 76.5),
(147, 1323, 'Sejarah', 82.0, 73.0, 79.0, 82.0, 79.0),
(148, 1324, 'Matematika', 91.0, 70.0, 84.0, 95.0, 85.0),
(148, 1325, 'Bahasa Indonesia', 77.0, 79.0, 76.0, 90.0, 80.5),
(148, 1326, 'Bahasa Inggris', 72.0, 95.0, 74.0, 76.0, 79.2),
(148, 1327, 'Pendidikan Agama', 83.0, 74.0, 79.0, 81.0, 79.2),
(148, 1328, 'PKN', 85.0, 90.0, 81.0, 93.0, 87.2),
(148, 1329, 'Produktif Kejuruan', 87.0, 88.0, 70.0, 75.0, 80.0),
(148, 1330, 'Olahraga', 81.0, 75.0, 84.0, 71.0, 77.8),
(148, 1331, 'Seni Budaya', 92.0, 78.0, 73.0, 70.0, 78.2),
(148, 1332, 'Sejarah', 79.0, 85.0, 75.0, 77.0, 79.0),
(149, 1333, 'Matematika', 81.0, 93.0, 72.0, 78.0, 81.0),
(149, 1334, 'Bahasa Indonesia', 90.0, 90.0, 71.0, 81.0, 83.0),
(149, 1335, 'Bahasa Inggris', 92.0, 85.0, 80.0, 94.0, 87.8),
(149, 1336, 'Pendidikan Agama', 84.0, 72.0, 82.0, 76.0, 78.5),
(149, 1337, 'PKN', 94.0, 70.0, 85.0, 86.0, 83.8),
(149, 1338, 'Produktif Kejuruan', 94.0, 85.0, 76.0, 81.0, 84.0),
(149, 1339, 'Olahraga', 78.0, 72.0, 80.0, 79.0, 77.2),
(149, 1340, 'Seni Budaya', 73.0, 91.0, 88.0, 83.0, 83.8),
(149, 1341, 'Sejarah', 93.0, 85.0, 89.0, 88.0, 88.8),
(150, 1342, 'Matematika', 82.0, 83.0, 88.0, 79.0, 83.0),
(150, 1343, 'Bahasa Indonesia', 84.0, 93.0, 93.0, 70.0, 85.0),
(150, 1344, 'Bahasa Inggris', 84.0, 72.0, 89.0, 73.0, 79.5),
(150, 1345, 'Pendidikan Agama', 71.0, 77.0, 80.0, 84.0, 78.0),
(150, 1346, 'PKN', 72.0, 76.0, 74.0, 81.0, 75.8),
(150, 1347, 'Produktif Kejuruan', 92.0, 94.0, 86.0, 86.0, 89.5),
(150, 1348, 'Olahraga', 93.0, 72.0, 76.0, 90.0, 82.8),
(150, 1349, 'Seni Budaya', 92.0, 95.0, 77.0, 85.0, 87.2),
(150, 1350, 'Sejarah', 86.0, 95.0, 90.0, 81.0, 88.0);

-- --------------------------------------------------------

--
-- Table structure for table `daftar_siswa`
--

CREATE TABLE `daftar_siswa` (
  `id_siswa` int(11) NOT NULL,
  `nama_siswa` varchar(255) NOT NULL,
  `tempat_lahir` varchar(100) DEFAULT NULL,
  `tanggal_lahir` date DEFAULT NULL,
  `jenis_kelamin` enum('Laki-laki','Perempuan') DEFAULT NULL,
  `nisn` varchar(20) DEFAULT NULL,
  `kelas_jurusan` varchar(255) DEFAULT NULL,
  `alamat` text DEFAULT NULL,
  `no_hp` varchar(15) DEFAULT NULL,
  `nama_orang_tua` varchar(255) DEFAULT NULL
) ENGINE=InnoDB DEFAULT CHARSET=utf8mb4 COLLATE=utf8mb4_general_ci;

--
-- Dumping data for table `daftar_siswa`
--

INSERT INTO `daftar_siswa` (`id_siswa`, `nama_siswa`, `tempat_lahir`, `tanggal_lahir`, `jenis_kelamin`, `nisn`, `kelas_jurusan`, `alamat`, `no_hp`, `nama_orang_tua`) VALUES
(1, 'Aditya Pratama', NULL, NULL, NULL, '1001', 'X RPL', 'Medan', NULL, NULL),
(2, 'Anisa Putri', NULL, NULL, NULL, '1002', 'X RPL', 'Medan', NULL, NULL),
(3, 'Bagas Kara', NULL, NULL, NULL, '1003', 'X RPL', 'Medan', NULL, NULL),
(4, 'Citra Lestari', NULL, NULL, NULL, '1004', 'X RPL', 'Medan', NULL, NULL),
(5, 'Diki Wahyudi', NULL, NULL, NULL, '1005', 'X RPL', 'Medan', NULL, NULL),
(6, 'Eka Santoso', NULL, NULL, NULL, '1006', 'X RPL', 'Medan', NULL, NULL),
(7, 'Fajar Siddiq', NULL, NULL, NULL, '1007', 'X RPL', 'Medan', NULL, NULL),
(8, 'Gita Gutawa', NULL, NULL, NULL, '1008', 'X RPL', 'Medan', NULL, NULL),
(9, 'Hendra Setiawan', NULL, NULL, NULL, '1009', 'X RPL', 'Medan', NULL, NULL),
(10, 'Indah Permata', NULL, NULL, NULL, '1010', 'X RPL', 'Medan', NULL, NULL),
(11, 'Jaka Tarub', NULL, NULL, NULL, '1011', 'X DKV', 'Medan', NULL, NULL),
(12, 'Kiki Amalia', NULL, NULL, NULL, '1012', 'X DKV', 'Medan', NULL, NULL),
(13, 'Lutfi Hakim', NULL, NULL, NULL, '1013', 'X DKV', 'Medan', NULL, NULL),
(14, 'Maya Saputri', NULL, NULL, NULL, '1014', 'X DKV', 'Medan', NULL, NULL),
(15, 'Nanda Persada', NULL, NULL, NULL, '1015', 'X DKV', 'Medan', NULL, NULL),
(16, 'Onky Alexander', NULL, NULL, NULL, '1016', 'X DKV', 'Medan', NULL, NULL),
(17, 'Putu Gede', NULL, NULL, NULL, '1017', 'X DKV', 'Medan', NULL, NULL),
(18, 'Qori Antika', NULL, NULL, NULL, '1018', 'X DKV', 'Medan', NULL, NULL),
(19, 'Rian Ardianto', NULL, NULL, NULL, '1019', 'X DKV', 'Medan', NULL, NULL),
(20, 'Siska Kohl', NULL, NULL, NULL, '1020', 'X DKV', 'Medan', NULL, NULL),
(21, 'Taufik Hidayat', NULL, NULL, NULL, '1021', 'X PH', 'Medan', NULL, NULL),
(22, 'Umar Bin Khattab', NULL, NULL, NULL, '1022', 'X PH', 'Medan', NULL, NULL),
(23, 'Vina Garut', NULL, NULL, NULL, '1023', 'X PH', 'Medan', NULL, NULL),
(24, 'Wawan Bakwan', NULL, NULL, NULL, '1024', 'X PH', 'Medan', NULL, NULL),
(25, 'Xavi Simons', NULL, NULL, NULL, '1025', 'X PH', 'Medan', NULL, NULL),
(26, 'Yayan Ruhiyan', NULL, NULL, NULL, '1026', 'X PH', 'Medan', NULL, NULL),
(27, 'Zidan Ramadhan', NULL, NULL, NULL, '1027', 'X PH', 'Medan', NULL, NULL),
(28, 'Arya Wiguna', NULL, NULL, NULL, '1028', 'X PH', 'Medan', NULL, NULL),
(29, 'Bima Sakti', NULL, NULL, NULL, '1029', 'X PH', 'Medan', NULL, NULL),
(30, 'Cinta Laura', NULL, NULL, NULL, '1030', 'X PH', 'Medan', NULL, NULL),
(31, 'Dedi Corbuzier', NULL, NULL, NULL, '1031', 'X OTKP', 'Medan', NULL, NULL),
(32, 'Eross Candra', NULL, NULL, NULL, '1032', 'X OTKP', 'Medan', NULL, NULL),
(33, 'Fatin Shidqia', NULL, NULL, NULL, '1033', 'X OTKP', 'Medan', NULL, NULL),
(34, 'Gading Marten', NULL, NULL, NULL, '1034', 'X OTKP', 'Medan', NULL, NULL),
(35, 'Hesti Purwadinata', NULL, NULL, NULL, '1035', 'X OTKP', 'Medan', NULL, NULL),
(36, 'Isyana Sarasvati', NULL, NULL, NULL, '1036', 'X OTKP', 'Medan', NULL, NULL),
(37, 'Jefri Nichol', NULL, NULL, NULL, '1037', 'X OTKP', 'Medan', NULL, NULL),
(38, 'Kevin Sanjaya', NULL, NULL, NULL, '1038', 'X OTKP', 'Medan', NULL, NULL),
(39, 'Luna Maya', NULL, NULL, NULL, '1039', 'X OTKP', 'Medan', NULL, NULL),
(40, 'Maudy Ayunda', NULL, NULL, NULL, '1040', 'X OTKP', 'Medan', NULL, NULL),
(41, 'Najwa Shihab', NULL, NULL, NULL, '1041', 'X AKL', 'Medan', NULL, NULL),
(42, 'Olla Ramlan', NULL, NULL, NULL, '1042', 'X AKL', 'Medan', NULL, NULL),
(43, 'Pevita Pearce', NULL, NULL, NULL, '1043', 'X AKL', 'Medan', NULL, NULL),
(44, 'Quinta Ayora', NULL, NULL, NULL, '1044', 'X AKL', 'Medan', NULL, NULL),
(45, 'Raffi Ahmad', NULL, NULL, NULL, '1045', 'X AKL', 'Medan', NULL, NULL),
(46, 'Sule Prikitiw', NULL, NULL, NULL, '1046', 'X AKL', 'Medan', NULL, NULL),
(47, 'Tukul Arwana', NULL, NULL, NULL, '1047', 'X AKL', 'Medan', NULL, NULL),
(48, 'Uus Biasa Saja', NULL, NULL, NULL, '1048', 'X AKL', 'Medan', NULL, NULL),
(49, 'Vicky Prasetyo', NULL, NULL, NULL, '1049', 'X AKL', 'Medan', NULL, NULL),
(50, 'Wulan Guritno', NULL, NULL, NULL, '1050', 'X AKL', 'Medan', NULL, NULL),
(51, 'Andi Wijaya', NULL, NULL, NULL, '1101', 'XI RPL', 'Binjai', NULL, NULL),
(52, 'Bella Swan', NULL, NULL, NULL, '1102', 'XI RPL', 'Binjai', NULL, NULL),
(53, 'Chandra Liow', NULL, NULL, NULL, '1103', 'XI RPL', 'Binjai', NULL, NULL),
(54, 'Doni Salmanan', NULL, NULL, NULL, '1104', 'XI RPL', 'Binjai', NULL, NULL),
(55, 'Enzy Storia', NULL, NULL, NULL, '1105', 'XI RPL', 'Binjai', NULL, NULL),
(56, 'Fico Fachriza', NULL, NULL, NULL, '1106', 'XI RPL', 'Binjai', NULL, NULL),
(57, 'Gisella Anastasia', NULL, NULL, NULL, '1107', 'XI RPL', 'Binjai', NULL, NULL),
(58, 'Haikal Hassan', NULL, NULL, NULL, '1108', 'XI RPL', 'Binjai', NULL, NULL),
(59, 'Irfan Hakim', NULL, NULL, NULL, '1109', 'XI RPL', 'Binjai', NULL, NULL),
(60, 'Jessica Iskandar', NULL, NULL, NULL, '1110', 'XI RPL', 'Binjai', NULL, NULL),
(61, 'Kaesang Pangarep', NULL, NULL, NULL, '1111', 'XI DKV', 'Binjai', NULL, NULL),
(62, 'Lesti Kejora', NULL, NULL, NULL, '1112', 'XI DKV', 'Binjai', NULL, NULL),
(63, 'Marshel Widianto', NULL, NULL, NULL, '1113', 'XI DKV', 'Binjai', NULL, NULL),
(64, 'Nissa Sabyan', NULL, NULL, NULL, '1114', 'XI DKV', 'Binjai', NULL, NULL),
(65, 'Onadio Leonardo', NULL, NULL, NULL, '1115', 'XI DKV', 'Binjai', NULL, NULL),
(66, 'Prilly Latuconsina', NULL, NULL, NULL, '1116', 'XI DKV', 'Binjai', NULL, NULL),
(67, 'Raditya Dika', NULL, NULL, NULL, '1117', 'XI DKV', 'Binjai', NULL, NULL),
(68, 'Sita Tyasutami', NULL, NULL, NULL, '1118', 'XI DKV', 'Binjai', NULL, NULL),
(69, 'Tretan Muslim', NULL, NULL, NULL, '1119', 'XI DKV', 'Binjai', NULL, NULL),
(70, 'Uus Komika', NULL, NULL, NULL, '1120', 'XI DKV', 'Binjai', NULL, NULL),
(71, 'Vidi Aldiano', NULL, NULL, NULL, '1121', 'XI PH', 'Binjai', NULL, NULL),
(72, 'Wira Nagara', NULL, NULL, NULL, '1122', 'XI PH', 'Binjai', NULL, NULL),
(73, 'Young Lex', NULL, NULL, NULL, '1123', 'XI PH', 'Binjai', NULL, NULL),
(74, 'Ziva Magnolya', NULL, NULL, NULL, '1124', 'XI PH', 'Binjai', NULL, NULL),
(75, 'Aura Kasih', NULL, NULL, NULL, '1125', 'XI PH', 'Binjai', NULL, NULL),
(76, 'Baim Wong', NULL, NULL, NULL, '1126', 'XI PH', 'Binjai', NULL, NULL),
(77, 'Coki Pardede', NULL, NULL, NULL, '1127', 'XI PH', 'Binjai', NULL, NULL),
(78, 'Deddy Mahendra', NULL, NULL, NULL, '1128', 'XI PH', 'Binjai', NULL, NULL),
(79, 'Ernest Prakasa', NULL, NULL, NULL, '1129', 'XI PH', 'Binjai', NULL, NULL),
(80, 'Ferry Irawan', NULL, NULL, NULL, '1130', 'XI PH', 'Binjai', NULL, NULL),
(81, 'Gofar Hilman', NULL, NULL, NULL, '1131', 'XI OTKP', 'Binjai', NULL, NULL),
(82, 'Hotman Paris', NULL, NULL, NULL, '1132', 'XI OTKP', 'Binjai', NULL, NULL),
(83, 'Indra Kenz', NULL, NULL, NULL, '1133', 'XI OTKP', 'Binjai', NULL, NULL),
(84, 'Jovial Da Lopez', NULL, NULL, NULL, '1134', 'XI OTKP', 'Binjai', NULL, NULL),
(85, 'Kunto Aji', NULL, NULL, NULL, '1135', 'XI OTKP', 'Binjai', NULL, NULL),
(86, 'Lalu Muhammad', NULL, NULL, NULL, '1136', 'XI OTKP', 'Binjai', NULL, NULL),
(87, 'Mamat Alkatiri', NULL, NULL, NULL, '1137', 'XI OTKP', 'Binjai', NULL, NULL),
(88, 'Nikita Mirzani', NULL, NULL, NULL, '1138', 'XI OTKP', 'Binjai', NULL, NULL),
(89, 'Omesh Ananda', NULL, NULL, NULL, '1139', 'XI OTKP', 'Binjai', NULL, NULL),
(90, 'Praz Teguh', NULL, NULL, NULL, '1140', 'XI OTKP', 'Binjai', NULL, NULL),
(91, 'Ria Ricis', NULL, NULL, NULL, '1141', 'XI AKL', 'Binjai', NULL, NULL),
(92, 'Sandiaga Uno', NULL, NULL, NULL, '1142', 'XI AKL', 'Binjai', NULL, NULL),
(93, 'Tio Pakusadewo', NULL, NULL, NULL, '1143', 'XI AKL', 'Binjai', NULL, NULL),
(94, 'Ucok Baba', NULL, NULL, NULL, '1144', 'XI AKL', 'Binjai', NULL, NULL),
(95, 'Vincent Rompies', NULL, NULL, NULL, '1145', 'XI AKL', 'Binjai', NULL, NULL),
(96, 'Wendi Cagur', NULL, NULL, NULL, '1146', 'XI AKL', 'Binjai', NULL, NULL),
(97, 'Yayan Jatnika', NULL, NULL, NULL, '1147', 'XI AKL', 'Binjai', NULL, NULL),
(98, 'Zaskia Sungkar', NULL, NULL, NULL, '1148', 'XI AKL', 'Binjai', NULL, NULL),
(99, 'Andre Taulany', NULL, NULL, NULL, '1149', 'XI AKL', 'Binjai', NULL, NULL),
(100, 'Babe Cabita', NULL, NULL, NULL, '1150', 'XI AKL', 'Binjai', NULL, NULL),
(101, 'Ardhito Pramono', NULL, NULL, NULL, '1201', 'XII RPL', 'Deli Serdang', NULL, NULL),
(102, 'Baskara Putra', NULL, NULL, NULL, '1202', 'XII RPL', 'Deli Serdang', NULL, NULL),
(103, 'Cantika Abigail', NULL, NULL, NULL, '1203', 'XII RPL', 'Deli Serdang', NULL, NULL),
(104, 'Danilla Riyadi', NULL, NULL, NULL, '1204', 'XII RPL', 'Deli Serdang', NULL, NULL),
(105, 'Eross Sheila', NULL, NULL, NULL, '1205', 'XII RPL', 'Deli Serdang', NULL, NULL),
(106, 'Fiersa Besari', NULL, NULL, NULL, '1206', 'XII RPL', 'Deli Serdang', NULL, NULL),
(107, 'Gangga Kusuma', NULL, NULL, NULL, '1207', 'XII RPL', 'Deli Serdang', NULL, NULL),
(108, 'Hindia', NULL, NULL, NULL, '1208', 'XII RPL', 'Deli Serdang', NULL, NULL),
(109, 'Isyana', NULL, NULL, NULL, '1209', 'XII RPL', 'Deli Serdang', NULL, NULL),
(110, 'Juicy Luicy', NULL, NULL, NULL, '1210', 'XII RPL', 'Deli Serdang', NULL, NULL),
(111, 'Kunto Aji', NULL, NULL, NULL, '1211', 'XII DKV', 'Deli Serdang', NULL, NULL),
(112, 'Lalahuta', NULL, NULL, NULL, '1212', 'XII DKV', 'Deli Serdang', NULL, NULL),
(113, 'Marion Jola', NULL, NULL, NULL, '1213', 'XII DKV', 'Deli Serdang', NULL, NULL),
(114, 'Nadin Amizah', NULL, NULL, NULL, '1214', 'XII DKV', 'Deli Serdang', NULL, NULL),
(115, 'Pamungkas', NULL, NULL, NULL, '1215', 'XII DKV', 'Deli Serdang', NULL, NULL),
(116, 'Rizky Febian', NULL, NULL, NULL, '1216', 'XII DKV', 'Deli Serdang', NULL, NULL),
(117, 'Sal Priadi', NULL, NULL, NULL, '1217', 'XII DKV', 'Deli Serdang', NULL, NULL),
(118, 'Tulus', NULL, NULL, NULL, '1218', 'XII DKV', 'Deli Serdang', NULL, NULL),
(119, 'Utopia', NULL, NULL, NULL, '1219', 'XII DKV', 'Deli Serdang', NULL, NULL),
(120, 'Vierratale', NULL, NULL, NULL, '1220', 'XII DKV', 'Deli Serdang', NULL, NULL),
(121, 'Widi Nugroho', NULL, NULL, NULL, '1221', 'XII PH', 'Deli Serdang', NULL, NULL),
(122, 'Xena', NULL, NULL, NULL, '1222', 'XII PH', 'Deli Serdang', NULL, NULL),
(123, 'Yura Yunita', NULL, NULL, NULL, '1223', 'XII PH', 'Deli Serdang', NULL, NULL),
(124, 'Ziva', NULL, NULL, NULL, '1224', 'XII PH', 'Deli Serdang', NULL, NULL),
(125, 'Afgan Syahreza', NULL, NULL, NULL, '1225', 'XII PH', 'Deli Serdang', NULL, NULL),
(126, 'Bunga Citra', NULL, NULL, NULL, '1226', 'XII PH', 'Deli Serdang', NULL, NULL),
(127, 'Cakra Khan', NULL, NULL, NULL, '1227', 'XII PH', 'Deli Serdang', NULL, NULL),
(128, 'Dian Sastro', NULL, NULL, NULL, '1228', 'XII PH', 'Deli Serdang', NULL, NULL),
(129, 'Eva Celia', NULL, NULL, NULL, '1229', 'XII PH', 'Deli Serdang', NULL, NULL),
(130, 'Fatin', NULL, NULL, NULL, '1230', 'XII PH', 'Deli Serdang', NULL, NULL),
(131, 'Glenn Fredly', NULL, NULL, NULL, '1231', 'XII OTKP', 'Deli Serdang', NULL, NULL),
(132, 'Hivi', NULL, NULL, NULL, '1232', 'XII OTKP', 'Deli Serdang', NULL, NULL),
(133, 'Ipang Lazuardi', NULL, NULL, NULL, '1233', 'XII OTKP', 'Deli Serdang', NULL, NULL),
(134, 'Judika', NULL, NULL, NULL, '1234', 'XII OTKP', 'Deli Serdang', NULL, NULL),
(135, 'Krisdayanti', NULL, NULL, NULL, '1235', 'XII OTKP', 'Deli Serdang', NULL, NULL),
(136, 'Lyodra', NULL, NULL, NULL, '1236', 'XII OTKP', 'Deli Serdang', NULL, NULL),
(137, 'Mahalini', NULL, NULL, NULL, '1237', 'XII OTKP', 'Deli Serdang', NULL, NULL),
(138, 'Once Mekel', NULL, NULL, NULL, '1238', 'XII OTKP', 'Deli Serdang', NULL, NULL),
(139, 'Pasha Ungu', NULL, NULL, NULL, '1239', 'XII OTKP', 'Deli Serdang', NULL, NULL),
(140, 'Rossa', NULL, NULL, NULL, '1240', 'XII OTKP', 'Deli Serdang', NULL, NULL),
(141, 'Syahrini', NULL, NULL, NULL, '1241', 'XII AKL', 'Deli Serdang', NULL, NULL),
(142, 'Tiara Andini', NULL, NULL, NULL, '1242', 'XII AKL', 'Deli Serdang', NULL, NULL),
(143, 'Ungu', NULL, NULL, NULL, '1243', 'XII AKL', 'Deli Serdang', NULL, NULL),
(144, 'Virzha', NULL, NULL, NULL, '1244', 'XII AKL', 'Deli Serdang', NULL, NULL),
(145, 'Wali', NULL, NULL, NULL, '1245', 'XII AKL', 'Deli Serdang', NULL, NULL),
(146, 'X-Factor', NULL, NULL, NULL, '1246', 'XII AKL', 'Deli Serdang', NULL, NULL),
(147, 'Yovie Widianto', NULL, NULL, NULL, '1247', 'XII AKL', 'Deli Serdang', NULL, NULL),
(148, 'Zigas', NULL, NULL, NULL, '1248', 'XII AKL', 'Deli Serdang', NULL, NULL),
(149, 'Ariel Noah', NULL, NULL, NULL, '1249', 'XII AKL', 'Deli Serdang', NULL, NULL),
(150, 'Bams Samsons', NULL, NULL, NULL, '1250', 'XII AKL', 'Deli Serdang', NULL, NULL);

-- --------------------------------------------------------

--
-- Table structure for table `guru`
--

CREATE TABLE `guru` (
  `id` int(11) NOT NULL,
  `nama_guru` varchar(255) NOT NULL,
  `password` varchar(255) NOT NULL,
  `level` enum('admin','guru') DEFAULT 'guru',
  `foto` varchar(255) NOT NULL
) ENGINE=InnoDB DEFAULT CHARSET=utf8mb4 COLLATE=utf8mb4_general_ci;

--
-- Dumping data for table `guru`
--

INSERT INTO `guru` (`id`, `nama_guru`, `password`, `level`, `foto`) VALUES
(2, 'Gabriel', '$2y$10$IUuWtMBT7cy.dn.8xP4qVusxpMgpazuP6g23HwjWmoy208c7mhA1C', 'guru', '30122025141429me_1.jpg'),
(8, 'Asep', '$2y$10$W.1C1PqdTCz91Gxly8puR.dFzEkSNBjvEwiSobh19md0wEMj7VsiW', 'guru', '30122025143154pp3.jpg'),
(9, 'Anos', '$2y$10$TZcauXI8zzsdi7pD7Wn1Z.5TUTQemSrrceMoED9rTTa0Po0kcKXRq', 'guru', '30122025143408#animeicons #icon #animation #icons.jfif'),
(12, 'Admin', '$2y$10$islBZ8jsldoDAv05vwgbIuKGuG9UBXUuy41pAJFYvNfmnUnzyg5jC', 'admin', 'ellodikia.jpg');

-- --------------------------------------------------------

--
-- Table structure for table `raport`
--

CREATE TABLE `raport` (
  `id` int(11) NOT NULL,
  `nama_siswa` varchar(255) NOT NULL,
  `kelas_jurusan` varchar(255) NOT NULL,
  `total_nilai` float(4,1) NOT NULL
) ENGINE=InnoDB DEFAULT CHARSET=utf8mb4 COLLATE=utf8mb4_general_ci;

--
-- Indexes for dumped tables
--

--
-- Indexes for table `daftar_nilai`
--
ALTER TABLE `daftar_nilai`
  ADD PRIMARY KEY (`id`);

--
-- Indexes for table `daftar_siswa`
--
ALTER TABLE `daftar_siswa`
  ADD PRIMARY KEY (`id_siswa`),
  ADD UNIQUE KEY `nisn` (`nisn`);

--
-- Indexes for table `guru`
--
ALTER TABLE `guru`
  ADD PRIMARY KEY (`id`);

--
-- Indexes for table `raport`
--
ALTER TABLE `raport`
  ADD PRIMARY KEY (`id`);

--
-- AUTO_INCREMENT for dumped tables
--

--
-- AUTO_INCREMENT for table `daftar_nilai`
--
ALTER TABLE `daftar_nilai`
  MODIFY `id` int(11) NOT NULL AUTO_INCREMENT, AUTO_INCREMENT=1351;

--
-- AUTO_INCREMENT for table `daftar_siswa`
--
ALTER TABLE `daftar_siswa`
  MODIFY `id_siswa` int(11) NOT NULL AUTO_INCREMENT, AUTO_INCREMENT=152;

--
-- AUTO_INCREMENT for table `guru`
--
ALTER TABLE `guru`
  MODIFY `id` int(11) NOT NULL AUTO_INCREMENT, AUTO_INCREMENT=14;

--
-- AUTO_INCREMENT for table `raport`
--
ALTER TABLE `raport`
  MODIFY `id` int(11) NOT NULL AUTO_INCREMENT;
COMMIT;

/*!40101 SET CHARACTER_SET_CLIENT=@OLD_CHARACTER_SET_CLIENT */;
/*!40101 SET CHARACTER_SET_RESULTS=@OLD_CHARACTER_SET_RESULTS */;
/*!40101 SET COLLATION_CONNECTION=@OLD_COLLATION_CONNECTION */;
